Pclass,Age,SibSp,Parch,Fare,FamilySize,TicketGroup,Sex_male,Embarked_Q,Embarked_S,Title_Miss,Title_Mr,Title_Mrs,Title_Rare,Deck_B,Deck_C,Deck_D,Deck_E,Deck_F,Deck_G,Deck_T,Deck_Unknown,FamilyCategory_Large,FamilyCategory_Small,AgeGroup_Teenager,AgeGroup_Adult,AgeGroup_Elderly,Survived
3,-0.17828061050251648,-0.46508427634374117,-0.46618317148792077,0.5138115038918489,-0.5563385795422586,3.9549093763898493,1,0,1,0,1,0,0,0,0,0,0,0,0,0,1,0,0,0,1,0,1
2,0.04475026885544795,-0.46508427634374117,-0.46618317148792077,-0.6625632269369692,-0.5563385795422586,-0.5490821079184883,1,0,1,0,1,0,0,0,0,0,0,0,0,0,1,0,0,0,1,0,0
1,0.7881865333819961,-0.46508427634374117,-0.46618317148792077,3.9553985809041556,-0.5563385795422586,-0.5490821079184883,1,0,1,0,1,0,0,0,1,0,0,0,0,0,0,0,0,0,1,0,0
3,-0.8473732485764098,-0.46508427634374117,0.7277823612437324,-0.4678743521312413,0.07341192703021858,-0.5490821079184883,0,0,1,0,0,1,0,0,0,0,0,0,0,0,1,0,1,1,0,0,1
2,0.11909389530810277,0.4783345406270387,0.7277823612437324,-0.11597681371233177,0.7031624336026958,0.3517161889431792,0,0,1,0,0,1,0,0,0,0,0,0,0,0,1,0,1,0,1,0,1
3,-0.6243423692184453,-0.46508427634374117,-0.46618317148792077,-0.48696219079802316,-0.5563385795422586,-0.5490821079184883,1,0,1,0,1,0,0,0,0,0,0,0,0,0,1,0,0,0,1,0,0
3,-0.2526242369551713,-0.46508427634374117,-0.46618317148792077,0.5138115038918489,-0.5563385795422586,3.9549093763898493,1,0,1,0,1,0,0,0,0,0,0,0,0,0,1,0,0,0,1,0,1
1,0.7881865333819961,-0.46508427634374117,-0.46618317148792077,4.075039579498675,-0.5563385795422586,2.153312782666514,1,0,0,0,1,0,0,0,0,0,0,0,0,0,1,0,0,0,1,0,0
3,-0.17828061050251648,-0.46508427634374117,-0.46618317148792077,-0.5011900954135049,-0.5563385795422586,-0.5490821079184883,1,1,0,0,1,0,0,0,0,0,0,0,0,0,1,0,0,0,1,0,1
3,0.11909389530810277,0.4783345406270387,-0.46618317148792077,-0.2877611150115036,0.07341192703021858,-0.5490821079184883,0,0,1,0,0,1,0,0,0,0,0,0,0,0,1,0,1,0,1,0,0
1,1.977684556624473,-0.46508427634374117,-0.46618317148792077,0.07662982713825477,-0.5563385795422586,-0.5490821079184883,1,0,0,0,0,0,1,0,0,0,0,0,0,0,0,0,0,0,1,0,1
3,-0.6243423692184453,0.4783345406270387,-0.46618317148792077,-0.45798374084431925,0.07341192703021858,-0.5490821079184883,0,0,1,1,0,0,0,0,0,0,0,0,0,0,1,0,1,0,1,0,0
3,-0.17828061050251648,7.082266259422497,1.9217478939753856,0.7856304888639273,5.741166486182514,3.0541110795281816,1,0,1,0,1,0,0,0,0,0,0,0,0,0,1,1,0,0,1,0,0
1,1.977684556624473,-0.46508427634374117,-0.46618317148792077,-0.10973011184690733,-0.5563385795422586,-0.5490821079184883,1,0,1,0,1,0,0,0,0,0,0,0,0,0,1,0,0,0,1,0,0
3,-0.6243423692184453,-0.46508427634374117,-0.46618317148792077,-0.5001489784359341,-0.5563385795422586,-0.5490821079184883,1,0,1,0,1,0,0,0,0,0,0,0,0,0,1,0,0,0,1,0,0
1,0.26778114821341237,0.4783345406270387,-0.46618317148792077,1.2114473326903592,0.07341192703021858,-0.5490821079184883,0,1,0,1,0,0,0,0,1,0,0,0,0,0,0,0,1,0,1,0,1
3,-0.6243423692184453,-0.46508427634374117,-0.46618317148792077,-0.5015378284840135,-0.5563385795422586,-0.5490821079184883,1,1,0,0,1,0,0,0,0,0,0,0,0,0,1,0,0,0,1,0,0
3,-0.17828061050251648,-0.46508427634374117,-0.46618317148792077,-0.5116012651892122,-0.5563385795422586,-0.5490821079184883,1,0,1,0,1,0,0,0,0,0,0,0,0,0,1,0,0,0,1,0,0
3,1.0112174127399605,-0.46508427634374117,-0.46618317148792077,-0.5282591368303441,-0.5563385795422586,-0.5490821079184883,1,0,1,0,1,0,0,0,0,0,0,0,0,0,1,0,0,0,1,0,0
3,-0.8473732485764098,2.3651721745685985,0.7277823612437324,-0.13228695228295498,1.9626634467476503,1.2525144858048467,0,0,1,1,0,0,0,0,0,0,0,0,0,0,1,1,0,1,0,0,0
3,0.04475026885544795,0.4783345406270387,-0.46618317148792077,-0.32732356015919156,0.07341192703021858,0.3517161889431792,1,0,1,0,1,0,0,0,0,0,0,0,0,0,1,0,1,0,1,0,0
1,0.19343752176075757,-0.46508427634374117,-0.46618317148792077,0.9260084554177004,-0.5563385795422586,-0.5490821079184883,0,0,0,1,0,0,0,0,0,1,0,0,0,0,0,0,0,0,1,0,1
1,0.7138429069293413,-0.46508427634374117,-0.46618317148792077,0.9865660655350799,-0.5563385795422586,-0.5490821079184883,0,0,0,0,0,1,0,0,0,0,0,0,0,0,1,0,0,0,1,0,1
2,-0.7730296221237549,-0.46508427634374117,-0.46618317148792077,-0.44392866164711425,-0.5563385795422586,-0.5490821079184883,1,0,1,0,1,0,0,0,0,0,0,0,0,0,1,0,0,0,1,0,1
3,-0.40131148986048093,-0.46508427634374117,-0.46618317148792077,-0.49815419830690855,-0.5563385795422586,-0.5490821079184883,1,0,1,0,1,0,0,0,0,0,0,0,0,0,1,0,0,0,1,0,0
2,1.15990466564527,-0.46508427634374117,-0.46618317148792077,-0.38146164299287,-0.5563385795422586,-0.5490821079184883,0,0,1,0,0,1,0,0,0,0,0,0,0,0,1,0,0,0,1,0,1
3,-0.47565511631313573,-0.46508427634374117,-0.46618317148792077,-0.49815419830690855,-0.5563385795422586,-0.5490821079184883,1,0,1,0,1,0,0,0,0,0,0,0,0,0,1,0,0,0,1,0,0
3,0.9368737862873057,-0.46508427634374117,0.7277823612437324,-0.48756812087896934,0.07341192703021858,-0.5490821079184883,1,0,1,0,1,0,0,0,0,0,0,0,0,0,1,0,1,0,1,0,0
1,0.7138429069293413,0.4783345406270387,0.7277823612437324,1.0689871321814448,0.7031624336026958,-0.5490821079184883,0,0,0,1,0,0,0,0,0,0,1,0,0,0,0,0,1,0,1,0,1
3,-0.9960605014817194,-0.46508427634374117,-0.46618317148792077,-0.4949433935480804,-0.5563385795422586,-0.5490821079184883,1,0,1,0,1,0,0,0,0,0,0,0,0,0,1,0,0,1,0,0,1
3,-0.17828061050251648,-0.46508427634374117,-0.46618317148792077,-0.49815419830690855,-0.5563385795422586,-0.5490821079184883,1,0,1,0,1,0,0,0,0,0,0,0,0,0,1,0,0,0,1,0,0
2,2.7211208211510214,-0.46508427634374117,-0.46618317148792077,-0.44392866164711425,-0.5563385795422586,-0.5490821079184883,1,0,1,0,1,0,0,0,0,0,0,0,0,0,1,0,0,0,0,1,0
1,-0.10393698404986167,-0.46508427634374117,-0.46618317148792077,-0.10973011184690733,-0.5563385795422586,-0.5490821079184883,1,0,1,0,1,0,0,0,1,0,0,0,0,0,0,0,0,0,1,0,1
2,1.605966424361199,-0.46508427634374117,-0.46618317148792077,-0.40176342405549936,-0.5563385795422586,-0.5490821079184883,1,0,1,0,0,0,1,0,0,0,0,0,0,0,1,0,0,0,1,0,0
2,1.3085919185505797,-0.46508427634374117,-0.46618317148792077,-0.35022813366574784,-0.5563385795422586,-0.5490821079184883,1,0,1,0,1,0,0,0,0,0,0,0,0,0,1,0,0,0,1,0,0
3,-0.8473732485764098,-0.46508427634374117,-0.46618317148792077,-0.4949433935480804,-0.5563385795422586,-0.5490821079184883,1,0,1,0,1,0,0,0,0,0,0,0,0,0,1,0,0,1,0,0,1
2,0.4908120275713768,-0.46508427634374117,-0.46618317148792077,-0.3918728127685774,-0.5563385795422586,-0.5490821079184883,1,0,1,0,1,0,0,0,0,0,0,0,0,0,1,0,0,0,1,0,0
2,0.04475026885544795,-0.46508427634374117,-0.46618317148792077,-0.3918728127685774,-0.5563385795422586,-0.5490821079184883,0,0,1,1,0,0,0,0,0,0,0,0,0,0,1,0,0,0,1,0,1
2,-0.5499987427657905,0.4783345406270387,0.7277823612437324,-0.058715379945941185,0.7031624336026958,0.3517161889431792,0,0,1,0,0,1,0,0,0,0,0,0,0,0,1,0,1,0,1,0,1
3,-0.8473732485764098,-0.46508427634374117,-0.46618317148792077,-0.5011900954135049,-0.5563385795422586,-0.5490821079184883,0,1,0,1,0,0,0,0,0,0,0,0,0,0,1,0,0,1,0,0,0
2,-0.3269678634078261,-0.46508427634374117,-0.46618317148792077,-0.3918728127685774,-0.5563385795422586,-0.5490821079184883,1,0,1,0,1,0,0,0,0,0,0,0,0,0,1,0,0,0,1,0,0
3,-0.17828061050251648,-0.46508427634374117,-0.46618317148792077,-0.5120343698518817,-0.5563385795422586,-0.5490821079184883,1,0,0,0,1,0,0,0,0,0,0,0,0,0,1,0,0,0,1,0,0
2,0.19343752176075757,-0.46508427634374117,-0.46618317148792077,-0.3918728127685774,-0.5563385795422586,-0.5490821079184883,0,0,1,0,0,1,0,0,0,0,0,0,0,0,1,0,0,0,1,0,1
3,-0.17828061050251648,-0.46508427634374117,-0.46618317148792077,-0.5006695369247195,-0.5563385795422586,-0.5490821079184883,1,0,1,0,1,0,0,0,0,0,0,0,0,0,1,0,0,0,1,0,1
3,-0.7730296221237549,0.4783345406270387,-0.46618317148792077,-0.4990204076322475,0.07341192703021858,-0.5490821079184883,0,0,1,1,0,0,0,0,0,0,0,0,0,0,1,0,1,0,1,0,1
1,1.6803100508138538,-0.46508427634374117,-0.46618317148792077,-0.02748187061881904,-0.5563385795422586,-0.5490821079184883,1,0,1,0,0,0,1,0,1,0,0,0,0,0,0,0,0,0,1,0,1
1,3.0928389534142955,-0.46508427634374117,-0.46618317148792077,0.05901829234566822,-0.5563385795422586,-0.5490821079184883,1,0,0,0,1,0,0,0,0,0,0,0,0,0,0,0,0,0,0,1,0
3,0.19343752176075757,-0.46508427634374117,-0.46618317148792077,-0.4975461859920073,-0.5563385795422586,-0.5490821079184883,1,0,1,0,1,0,0,0,0,0,0,0,0,0,1,0,0,0,1,0,0
3,-0.7730296221237549,-0.46508427634374117,-0.46618317148792077,-0.5032723293686463,-0.5563385795422586,-0.5490821079184883,1,0,1,0,1,0,0,0,0,0,0,1,0,0,0,0,0,0,1,0,0
3,-0.17828061050251648,0.4783345406270387,-0.46618317148792077,-0.33981696389004046,0.07341192703021858,-0.5490821079184883,1,1,0,0,1,0,0,0,0,0,0,0,0,0,1,0,1,0,1,0,0
3,-0.5499987427657905,-0.46508427634374117,-0.46618317148792077,-0.4577234615999265,-0.5563385795422586,-0.5490821079184883,0,0,1,1,0,0,0,0,0,0,0,0,0,0,1,0,0,0,1,0,0
1,1.5316227979085442,0.4783345406270387,-0.46618317148792077,0.5014055539871158,0.07341192703021858,0.3517161889431792,1,0,1,0,1,0,0,0,0,0,1,0,0,0,0,0,1,0,1,0,0
3,-1.8881840189135772,2.3651721745685985,1.9217478939753856,-0.08161995345249745,2.592413953320128,3.0541110795281816,1,0,1,0,0,0,0,0,0,0,0,0,0,0,1,1,0,0,0,0,0
1,0.4908120275713768,0.4783345406270387,1.9217478939753856,1.836117519232802,1.3329129401751731,0.3517161889431792,0,0,1,0,0,1,0,1,0,0,0,0,0,0,0,0,1,0,1,0,1
1,-0.7730296221237549,0.4783345406270387,-0.46618317148792077,0.4431030032431546,0.07341192703021858,-0.5490821079184883,1,0,1,0,1,0,0,0,0,1,0,0,0,0,0,0,1,0,1,0,0
1,0.04475026885544795,-0.46508427634374117,-0.46618317148792077,-0.017070700843111658,-0.5563385795422586,0.3517161889431792,0,0,0,1,0,0,0,0,0,0,0,0,0,0,1,0,0,0,1,0,1
3,-0.17828061050251648,-0.46508427634374117,-0.46618317148792077,0.5138115038918489,-0.5563385795422586,3.9549093763898493,1,0,1,0,1,0,0,0,0,0,0,0,0,0,1,0,0,0,1,0,1
3,0.04475026885544795,-0.46508427634374117,-0.46618317148792077,-0.5116012651892122,-0.5563385795422586,-0.5490821079184883,1,0,1,0,1,0,0,0,0,0,0,0,0,0,1,0,0,0,1,0,0
3,-0.6243423692184453,-0.46508427634374117,-0.46618317148792077,-0.4949433935480804,-0.5563385795422586,-0.5490821079184883,1,0,1,0,1,0,0,0,0,0,0,0,0,0,1,0,0,0,1,0,0
2,0.04475026885544795,0.4783345406270387,-0.46618317148792077,-0.162827077703015,0.07341192703021858,0.3517161889431792,1,0,0,0,1,0,0,0,0,0,0,0,0,0,1,0,1,0,1,0,0
2,-0.8473732485764098,-0.46508427634374117,0.7277823612437324,-0.18364941725442976,0.07341192703021858,0.3517161889431792,0,0,1,1,0,0,0,0,0,0,0,0,0,0,1,0,1,1,0,0,1
3,-0.7730296221237549,-0.46508427634374117,-0.46618317148792077,-0.6625632269369692,-0.5563385795422586,1.2525144858048467,1,0,1,0,1,0,0,0,0,0,0,0,0,0,1,0,0,0,1,0,0
1,0.6394992804766865,-0.46508427634374117,-0.46618317148792077,4.075039579498675,-0.5563385795422586,2.153312782666514,0,0,0,1,0,0,0,0,1,0,0,0,0,0,0,0,0,0,1,0,1
3,-1.4421222601976482,2.3651721745685985,1.9217478939753856,-0.08161995345249745,2.592413953320128,3.0541110795281816,1,0,1,0,0,0,0,0,0,0,0,0,0,0,1,1,0,0,0,0,0
2,0.04475026885544795,-0.46508427634374117,-0.46618317148792077,-0.6625632269369692,-0.5563385795422586,-0.5490821079184883,1,0,1,0,1,0,0,0,0,0,0,0,0,0,1,0,0,0,1,0,0
3,-0.029593357597206858,0.4783345406270387,0.7277823612437324,-0.4447094993802923,0.7031624336026958,0.3517161889431792,0,0,1,0,0,1,0,0,0,0,0,0,1,0,0,0,1,0,1,0,0
3,-0.17828061050251648,-0.46508427634374117,-0.46618317148792077,-0.5102998689672489,-0.5563385795422586,-0.5490821079184883,1,0,1,0,1,0,0,0,0,0,0,0,0,0,1,0,0,0,1,0,0
3,-0.10393698404986167,0.4783345406270387,-0.46618317148792077,-0.3325291450470453,0.07341192703021858,-0.5490821079184883,1,0,1,0,1,0,0,0,0,0,0,0,0,0,1,0,1,0,1,0,0
3,0.7138429069293413,0.4783345406270387,5.503644492170345,-0.01134455746647263,3.222164459892605,3.9549093763898493,0,0,1,0,0,1,0,0,0,0,0,0,0,0,1,1,0,0,1,0,0
3,-2.0368712718188866,-0.46508427634374117,0.7277823612437324,-0.4447094993802923,0.07341192703021858,0.3517161889431792,0,0,1,1,0,0,0,0,0,0,0,0,1,0,0,0,1,0,0,0,0
2,0.04475026885544795,-0.46508427634374117,-0.46618317148792077,-0.44392866164711425,-0.5563385795422586,-0.5490821079184883,1,0,1,0,1,0,0,0,0,0,0,0,0,0,1,0,0,0,1,0,0
3,-0.3269678634078261,-0.46508427634374117,-0.46618317148792077,-0.5121218236779976,-0.5563385795422586,-0.5490821079184883,1,0,0,0,1,0,0,0,0,0,0,0,0,0,1,0,0,0,1,0,0
3,-1.144747754387029,3.3085909915393783,0.7277823612437324,0.1638233740098041,2.592413953320128,3.0541110795281816,1,0,1,0,1,0,0,0,0,0,0,0,0,0,1,1,0,1,0,0,0
1,0.416468401118722,0.4783345406270387,-0.46618317148792077,0.4201984297365983,0.07341192703021858,0.3517161889431792,0,0,1,0,0,1,0,0,0,0,0,0,0,0,1,0,1,0,1,0,1
1,-0.9217168750290646,-0.46508427634374117,1.9217478939753856,1.6462864962444193,0.7031624336026958,1.2525144858048467,1,0,0,0,1,0,0,0,1,0,0,0,0,0,0,0,1,1,0,0,1
3,-0.17828061050251648,-0.46508427634374117,-0.46618317148792077,-0.5017106539022903,-0.5563385795422586,-0.5490821079184883,1,1,0,0,1,0,0,0,0,0,0,0,0,0,1,0,0,0,1,0,0
3,-0.8473732485764098,-0.46508427634374117,-0.46618317148792077,-0.5220124349649197,-0.5563385795422586,-0.5490821079184883,0,1,0,1,0,0,0,0,0,0,0,0,0,0,1,0,0,1,0,0,0
3,-0.47565511631313573,-0.46508427634374117,-0.46618317148792077,-0.5053545633237878,-0.5563385795422586,-0.5490821079184883,0,0,1,1,0,0,0,0,0,0,0,0,0,0,1,0,0,0,1,0,1
3,1.5316227979085442,-0.46508427634374117,-0.46618317148792077,-0.4949433935480804,-0.5563385795422586,-0.5490821079184883,1,0,1,0,1,0,0,0,0,0,0,0,0,0,1,0,0,0,1,0,0
1,-0.6243423692184453,1.4217533575978185,1.9217478939753856,4.800698112865479,1.9626634467476503,0.3517161889431792,0,0,0,1,0,0,0,1,0,0,0,0,0,0,0,1,0,0,1,0,1
1,2.1263718095297826,-0.46508427634374117,-0.46618317148792077,2.3883426220079627,-0.5563385795422586,0.3517161889431792,0,0,0,1,0,0,0,1,0,0,0,0,0,0,0,0,0,0,1,0,1
2,-1.962527645366232,0.4783345406270387,1.9217478939753856,0.2032129937392154,1.3329129401751731,0.3517161889431792,0,0,0,1,0,0,0,0,0,0,0,0,0,0,1,0,1,0,0,0,1
2,-1.219091380839684,-0.46508427634374117,0.7277823612437324,-0.25652760568438143,0.07341192703021858,0.3517161889431792,0,0,1,1,0,0,0,0,0,0,0,0,0,0,1,0,1,1,0,0,1
2,2.0520281830771276,-0.46508427634374117,-0.46618317148792077,-0.40540733347699703,-0.5563385795422586,-0.5490821079184883,1,1,0,0,0,0,1,0,0,0,0,0,0,0,1,0,0,0,1,0,0
2,-0.9960605014817194,-0.46508427634374117,-0.46618317148792077,-0.12118239860018547,-0.5563385795422586,0.3517161889431792,1,0,1,0,1,0,0,0,0,0,0,0,0,0,1,0,0,1,0,0,0
3,-0.8473732485764098,-0.46508427634374117,-0.46618317148792077,-0.5011900954135049,-0.5563385795422586,-0.5490821079184883,0,1,0,1,0,0,0,0,0,0,0,0,0,0,1,0,0,1,0,0,1
2,2.2750590624350924,0.4783345406270387,0.7277823612437324,0.14950801556820642,0.7031624336026958,0.3517161889431792,1,0,1,0,1,0,0,0,0,0,0,0,0,0,1,0,1,0,1,0,0
1,-0.5499987427657905,-0.46508427634374117,-0.46618317148792077,2.1616394001419343,-0.5563385795422586,1.2525144858048467,1,0,0,0,1,0,0,0,0,0,0,0,0,0,1,0,0,0,1,0,0
2,0.04475026885544795,-0.46508427634374117,-0.46618317148792077,-0.3918728127685774,-0.5563385795422586,-0.5490821079184883,1,0,1,0,1,0,0,0,0,0,0,0,0,0,1,0,0,0,1,0,0
3,-0.9217168750290646,-0.46508427634374117,-0.46618317148792077,-0.48218971057283894,-0.5563385795422586,-0.5490821079184883,1,0,1,0,1,0,0,0,0,0,0,0,0,0,1,0,0,1,0,0,0
3,-0.3269678634078261,-0.46508427634374117,-0.46618317148792077,-0.49815419830690855,-0.5563385795422586,-0.5490821079184883,1,0,1,0,1,0,0,0,0,0,0,0,0,0,1,0,0,0,1,0,0
3,-0.17828061050251648,-0.46508427634374117,-0.46618317148792077,-0.48218971057283894,-0.5563385795422586,-0.5490821079184883,1,0,1,0,1,0,0,0,0,0,0,0,0,0,1,0,0,0,1,0,1
3,0.4908120275713768,-0.46508427634374117,-0.46618317148792077,-0.6625632269369692,-0.5563385795422586,1.2525144858048467,1,0,1,0,1,0,0,0,0,0,0,0,0,0,1,0,0,0,1,0,0
3,0.11909389530810277,-0.46508427634374117,-0.46618317148792077,-0.4949433935480804,-0.5563385795422586,-0.5490821079184883,0,0,1,0,0,1,0,0,0,0,0,0,0,0,1,0,0,0,1,0,0
3,0.11909389530810277,-0.46508427634374117,-0.46618317148792077,-0.5120343698518817,-0.5563385795422586,-0.5490821079184883,0,0,0,0,0,1,0,0,0,0,0,0,0,0,1,0,0,0,1,0,1
3,-0.029593357597206858,-0.46508427634374117,-0.46618317148792077,-0.46509873426903764,-0.5563385795422586,-0.5490821079184883,1,0,1,0,1,0,0,0,0,0,0,0,0,0,1,0,0,0,1,0,0
1,0.04475026885544795,-0.46508427634374117,-0.46618317148792077,1.5534542598223466,-0.5563385795422586,0.3517161889431792,0,0,0,1,0,0,0,0,0,0,0,0,0,0,1,0,0,0,1,0,1
3,-0.17828061050251648,-0.46508427634374117,-0.46618317148792077,-0.4949433935480804,-0.5563385795422586,-0.5490821079184883,1,0,1,0,1,0,0,0,0,0,0,0,0,0,1,0,0,0,1,0,0
1,1.605966424361199,-0.46508427634374117,0.7277823612437324,0.6154953168572276,0.07341192703021858,-0.5490821079184883,1,0,0,0,1,0,0,0,0,0,0,0,0,0,1,0,1,0,1,0,0
3,-0.9960605014817194,-0.46508427634374117,-0.46618317148792077,-0.5015378284840135,-0.5563385795422586,-0.5490821079184883,0,1,0,1,0,0,0,0,0,0,0,0,0,0,1,0,0,1,0,0,1
3,-0.8473732485764098,-0.46508427634374117,-0.46618317148792077,-0.5011900954135049,-0.5563385795422586,-0.5490821079184883,0,1,0,1,0,0,0,0,0,0,0,0,0,0,1,0,0,1,0,0,1
3,-2.1112148982715415,-0.46508427634374117,1.9217478939753856,-0.3347842044204636,0.7031624336026958,0.3517161889431792,0,0,0,1,0,0,0,0,0,0,0,0,0,0,1,0,1,0,0,0,1
3,-0.5499987427657905,-0.46508427634374117,-0.46618317148792077,-0.5002364322620501,-0.5563385795422586,-0.5490821079184883,1,0,1,0,1,0,0,0,0,0,0,0,0,0,1,0,0,0,1,0,0
3,-0.8473732485764098,0.4783345406270387,0.7277823612437324,-0.1970111125445726,0.7031624336026958,0.3517161889431792,0,0,0,1,0,0,0,0,0,0,0,1,0,0,0,0,1,1,0,0,1
3,-1.6651531395556127,3.3085909915393783,0.7277823612437324,-0.05611258750201434,2.592413953320128,2.153312782666514,1,1,0,0,0,0,0,0,0,0,0,0,0,0,1,1,0,0,0,0,0
1,0.7881865333819961,-0.46508427634374117,-0.46618317148792077,-0.02748187061881904,-0.5563385795422586,-0.5490821079184883,1,0,1,0,1,0,0,0,1,0,0,0,0,0,0,0,0,0,1,0,1
3,-0.17828061050251648,0.4783345406270387,-0.46618317148792077,-0.5011900954135049,0.07341192703021858,-0.5490821079184883,1,1,0,0,1,0,0,0,0,0,0,0,0,0,1,0,1,0,1,0,0
1,0.26778114821341237,0.4783345406270387,-0.46618317148792077,0.4431030032431546,0.07341192703021858,0.3517161889431792,0,0,1,0,0,1,0,0,0,0,1,0,0,0,0,0,1,0,1,0,1
3,-1.6651531395556127,3.3085909915393783,0.7277823612437324,0.1638233740098041,2.592413953320128,3.0541110795281816,1,0,1,0,0,0,0,0,0,0,0,0,0,0,1,1,0,0,0,0,0
3,0.19343752176075757,-0.46508427634374117,-0.46618317148792077,-0.5011900954135049,-0.5563385795422586,-0.5490821079184883,1,1,0,0,1,0,0,0,0,0,0,0,0,0,1,0,0,0,1,0,0
2,1.5316227979085442,-0.46508427634374117,-0.46618317148792077,-0.3918728127685774,-0.5563385795422586,-0.5490821079184883,1,0,1,0,1,0,0,0,0,0,0,0,0,0,1,0,0,0,1,0,0
2,2.2007154359824375,-0.46508427634374117,-0.46618317148792077,-0.38146164299287,-0.5563385795422586,-0.5490821079184883,1,0,1,0,1,0,0,0,0,0,0,0,0,0,1,0,0,0,1,0,0
1,-0.10393698404986167,0.4783345406270387,-0.46618317148792077,1.0484250718744228,0.07341192703021858,-0.5490821079184883,1,0,0,0,1,0,0,0,0,0,0,0,0,0,1,0,1,0,1,0,0
3,-0.17828061050251648,-0.46508427634374117,-0.46618317148792077,-0.4949433935480804,-0.5563385795422586,-0.5490821079184883,1,0,1,0,1,0,0,0,0,0,0,0,0,0,1,0,0,0,1,0,0
1,2.2750590624350924,-0.46508427634374117,-0.46618317148792077,-0.10973011184690733,-0.5563385795422586,-0.5490821079184883,1,0,1,0,0,0,1,0,0,0,0,0,0,0,1,0,0,0,1,0,0
3,-0.9217168750290646,-0.46508427634374117,-0.46618317148792077,-0.36150759500074925,-0.5563385795422586,-0.5490821079184883,0,0,0,1,0,0,0,0,0,0,0,0,0,0,1,0,0,1,0,0,0
2,0.230609334987085,0.4783345406270387,-0.46618317148792077,-0.03641881875428629,0.07341192703021858,-0.5490821079184883,1,0,0,0,1,0,0,0,0,0,0,0,0,0,1,0,1,0,1,0,0
1,-0.6243423692184453,-0.46508427634374117,-0.46618317148792077,0.9607109665140879,-0.5563385795422586,0.3517161889431792,0,0,1,1,0,0,0,0,0,1,0,0,0,0,0,0,0,0,1,0,1
3,-1.962527645366232,3.3085909915393783,1.9217478939753856,-0.009002044266938455,3.222164459892605,2.153312782666514,1,0,1,0,0,0,0,0,0,0,0,0,0,0,1,1,0,0,0,0,1
2,-0.7730296221237549,-0.46508427634374117,-0.46618317148792077,-0.44392866164711425,-0.5563385795422586,-0.5490821079184883,1,0,1,0,1,0,0,0,0,0,0,0,0,0,1,0,0,0,1,0,0
2,-0.40131148986048093,1.4217533575978185,3.1157134267070385,-0.2721443603479425,2.592413953320128,1.2525144858048467,0,0,1,0,0,1,0,0,0,0,0,0,0,0,1,1,0,0,1,0,1
1,-0.8473732485764098,-0.46508427634374117,1.9217478939753856,0.9959361183332165,0.7031624336026958,1.2525144858048467,0,0,1,1,0,0,0,0,0,0,1,0,0,0,0,0,1,1,0,0,1
1,1.4572791714558895,-0.46508427634374117,-0.46618317148792077,-0.1226566202404256,-0.5563385795422586,-0.5490821079184883,0,0,1,0,0,0,1,0,0,1,0,0,0,0,0,0,0,0,1,0,1
3,0.8625301598346509,-0.46508427634374117,1.9217478939753856,-0.24169168875399843,0.7031624336026958,0.3517161889431792,0,0,1,0,0,1,0,0,0,0,0,0,0,0,1,0,1,0,1,0,0
3,0.04475026885544795,-0.46508427634374117,-0.46618317148792077,-0.464751001198529,-0.5563385795422586,-0.5490821079184883,1,0,1,0,1,0,0,0,0,0,0,0,0,0,1,0,0,0,1,0,1
3,2.2007154359824375,-0.46508427634374117,-0.46618317148792077,-0.5116012651892122,-0.5563385795422586,-0.5490821079184883,1,0,1,0,1,0,0,0,0,0,0,0,0,0,1,0,0,0,1,0,0
3,-1.8881840189135772,-0.46508427634374117,0.7277823612437324,-0.3831961438775028,0.07341192703021858,-0.5490821079184883,0,0,0,1,0,0,0,0,0,0,0,0,0,0,1,0,1,0,0,0,1
3,0.11909389530810277,-0.46508427634374117,1.9217478939753856,-0.3451100026040101,0.7031624336026958,0.3517161889431792,0,0,0,0,0,1,0,0,0,0,0,0,0,0,1,0,1,0,1,0,0
3,1.605966424361199,-0.46508427634374117,-0.46618317148792077,-0.5011900954135049,-0.5563385795422586,-0.5490821079184883,1,0,1,0,1,0,0,0,0,0,0,0,0,0,1,0,0,0,1,0,0
2,1.15990466564527,0.4783345406270387,0.7277823612437324,-0.11597681371233177,0.7031624336026958,1.2525144858048467,0,0,1,0,0,1,0,0,0,0,0,0,0,0,1,0,1,0,1,0,1
3,-0.8473732485764098,0.4783345406270387,0.7277823612437324,-0.24169168875399843,0.7031624336026958,0.3517161889431792,1,0,1,0,1,0,0,0,0,0,0,0,0,0,1,0,1,1,0,0,0
3,-0.8473732485764098,7.082266259422497,1.9217478939753856,0.7856304888639273,5.741166486182514,3.0541110795281816,0,0,1,1,0,0,0,0,0,0,0,0,0,0,1,1,0,1,0,0,0
3,-0.8473732485764098,0.4783345406270387,-0.46618317148792077,-0.33981696389004046,0.07341192703021858,-0.5490821079184883,0,1,0,1,0,0,0,0,0,0,0,0,0,0,1,0,1,1,0,0,1
2,-0.10393698404986167,-0.46508427634374117,0.7277823612437324,0.024573978259717865,0.07341192703021858,0.3517161889431792,1,0,1,0,0,0,1,0,0,0,0,0,0,0,1,0,1,0,1,0,0
3,1.9405127433981457,-0.46508427634374117,-0.46618317148792077,-0.4949433935480804,-0.5563385795422586,-0.5490821079184883,1,0,1,0,1,0,0,0,0,0,0,0,0,0,1,0,0,0,1,0,0
1,-0.40131148986048093,-0.46508427634374117,0.7277823612437324,4.491398916700854,0.07341192703021858,0.3517161889431792,1,0,0,0,1,0,0,1,0,0,0,0,0,0,0,0,1,0,1,0,0
1,0.7881865333819961,-0.46508427634374117,-0.46618317148792077,-0.6625632269369692,-0.5563385795422586,-0.5490821079184883,1,0,1,0,1,0,0,0,0,0,0,0,0,0,1,0,0,0,1,0,0
3,0.11909389530810277,0.4783345406270387,-0.46618317148792077,-0.32732356015919156,0.07341192703021858,-0.5490821079184883,0,0,1,0,0,1,0,0,0,0,0,0,0,0,1,0,1,0,1,0,1
3,-0.17828061050251648,0.4783345406270387,1.9217478939753856,-0.17427936445629313,1.3329129401751731,0.3517161889431792,1,0,1,0,1,0,0,0,0,0,0,0,0,0,1,0,1,0,1,0,0
3,-1.8138403924609223,7.082266259422497,1.9217478939753856,0.7856304888639273,5.741166486182514,3.0541110795281816,1,0,1,0,0,0,0,0,0,0,0,0,0,0,1,1,0,0,0,0,0
2,-0.029593357597206858,0.4783345406270387,-0.46618317148792077,-0.12118239860018547,0.07341192703021858,-0.5490821079184883,0,0,1,0,0,1,0,0,0,0,0,0,0,0,1,0,1,0,1,0,1
1,2.1263718095297826,-0.46508427634374117,0.7277823612437324,2.5328850564720184,0.07341192703021858,1.2525144858048467,0,0,1,0,0,1,0,0,1,0,0,0,0,0,0,0,1,0,1,0,1
3,-0.2526242369551713,-0.46508427634374117,-0.46618317148792077,-0.4975461859920073,-0.5563385795422586,-0.5490821079184883,0,0,1,1,0,0,0,0,0,0,0,0,0,0,1,0,0,0,1,0,1
1,1.0855610391926154,-0.46508427634374117,0.7277823612437324,0.5446993623824175,0.07341192703021858,0.3517161889431792,0,0,0,0,0,1,0,1,0,0,0,0,0,0,0,0,1,0,1,0,1
3,-0.17828061050251648,-0.46508427634374117,-0.46618317148792077,-0.5121218236779976,-0.5563385795422586,-0.5490821079184883,1,0,0,0,1,0,0,0,0,0,0,0,0,0,1,0,0,0,1,0,0
3,0.19343752176075757,-0.46508427634374117,-0.46618317148792077,-0.4884364124382633,-0.5563385795422586,-0.5490821079184883,1,0,1,0,1,0,0,0,0,0,0,0,0,0,1,0,0,0,1,0,0
2,-0.2526242369551713,-0.46508427634374117,-0.46618317148792077,-0.44392866164711425,-0.5563385795422586,-0.5490821079184883,1,0,1,0,1,0,0,0,0,0,0,0,0,0,1,0,0,0,1,0,0
3,-0.9960605014817194,-0.46508427634374117,-0.46618317148792077,-0.4949433935480804,-0.5563385795422586,-0.5490821079184883,1,0,1,0,1,0,0,0,0,0,0,0,0,0,1,0,0,1,0,0,0
3,-0.7730296221237549,-0.46508427634374117,-0.46618317148792077,-0.5006695369247195,-0.5563385795422586,-0.5490821079184883,1,0,1,0,1,0,0,0,0,0,0,0,0,0,1,0,0,0,1,0,0
3,-0.17828061050251648,-0.46508427634374117,-0.46618317148792077,-0.49815419830690855,-0.5563385795422586,-0.5490821079184883,1,0,1,0,1,0,0,0,0,0,0,0,0,0,1,0,0,0,1,0,0
3,1.3829355450032346,-0.46508427634374117,-0.46618317148792077,-0.4990204076322475,-0.5563385795422586,-0.5490821079184883,1,0,1,0,1,0,0,0,0,0,0,0,0,0,1,0,0,0,1,0,0
3,-0.17828061050251648,-0.46508427634374117,-0.46618317148792077,-0.5011900954135049,-0.5563385795422586,-0.5490821079184883,1,1,0,0,1,0,0,0,0,0,0,0,0,0,1,0,0,0,1,0,0
3,-1.5164658866503031,4.252009808510158,1.9217478939753856,0.314004498024383,3.851914966465082,2.153312782666514,1,0,1,0,0,0,0,0,0,0,0,0,0,0,1,1,0,0,0,0,0
1,0.416468401118722,0.4783345406270387,-0.46618317148792077,1.0755815671173778,0.07341192703021858,-0.5490821079184883,0,0,1,0,0,1,0,0,1,0,0,0,0,0,0,0,1,0,1,0,1
3,-1.2934350072923386,0.4783345406270387,-0.46618317148792077,-0.42848473240183,0.07341192703021858,-0.5490821079184883,1,0,0,0,0,0,0,0,0,0,0,0,0,0,1,0,1,0,0,0,1
3,0.11909389530810277,-0.46508427634374117,-0.46618317148792077,-0.4990204076322475,-0.5563385795422586,-0.5490821079184883,0,0,1,1,0,0,0,0,0,0,0,0,0,0,1,0,0,0,1,0,0
2,-0.17828061050251648,0.4783345406270387,-0.46618317148792077,-0.3740009987315981,0.07341192703021858,-0.5490821079184883,0,0,0,1,0,0,0,0,0,0,0,0,0,0,1,0,1,0,1,0,1
1,1.0112174127399605,-0.46508427634374117,0.7277823612437324,3.7379779580101484,0.07341192703021858,0.3517161889431792,0,0,1,0,0,1,0,1,0,0,0,0,0,0,0,0,1,0,1,0,1
3,0.08192208208177536,-0.46508427634374117,-0.46618317148792077,-0.5011900954135049,-0.5563385795422586,-0.5490821079184883,0,1,0,1,0,0,0,0,0,0,0,0,0,0,1,0,0,0,1,0,0
3,0.3421247746660672,-0.46508427634374117,-0.46618317148792077,-0.4949433935480804,-0.5563385795422586,-0.5490821079184883,1,0,1,0,1,0,0,0,0,0,0,0,0,0,1,0,0,0,1,0,0
2,0.04475026885544795,-0.46508427634374117,-0.46618317148792077,-0.6625632269369692,-0.5563385795422586,1.2525144858048467,1,0,1,0,1,0,0,0,0,0,0,0,0,0,1,0,0,0,1,0,0
2,-0.47565511631313573,-0.46508427634374117,-0.46618317148792077,-0.3918728127685774,-0.5563385795422586,-0.5490821079184883,1,0,1,0,1,0,0,0,0,0,0,0,0,0,1,0,0,0,1,0,0
3,-0.40131148986048093,-0.46508427634374117,1.9217478939753856,-0.3148301564283428,0.7031624336026958,0.3517161889431792,0,0,1,0,0,1,0,0,0,0,0,0,1,0,0,0,1,0,1,0,1
2,0.7138429069293413,-0.46508427634374117,-0.46618317148792077,-0.12118239860018547,-0.5563385795422586,-0.5490821079184883,1,0,1,0,1,0,0,0,0,0,0,0,0,0,1,0,0,0,1,0,0
2,-0.40131148986048093,-0.46508427634374117,-0.46618317148792077,-0.3918728127685774,-0.5563385795422586,-0.5490821079184883,0,0,1,1,0,0,0,0,0,0,0,1,0,0,0,0,0,0,1,0,1
3,-0.17828061050251648,-0.46508427634374117,-0.46618317148792077,-0.4995409661210328,-0.5563385795422586,-0.5490821079184883,1,1,0,0,1,0,0,0,0,0,0,0,0,0,1,0,0,0,1,0,0
3,-2.1298008048847055,1.4217533575978185,0.7277823612437324,-0.2615603651539584,1.3329129401751731,1.2525144858048467,0,0,0,1,0,0,0,0,0,0,0,0,0,0,1,0,1,0,0,0,1
2,0.3421247746660672,-0.46508427634374117,-0.46618317148792077,-0.3918728127685774,-0.5563385795422586,-0.5490821079184883,1,0,1,0,1,0,0,0,0,0,0,0,0,0,1,0,0,0,1,0,0
3,-0.47565511631313573,-0.46508427634374117,-0.46618317148792077,-0.47047714457516815,-0.5563385795422586,-0.5490821079184883,1,0,1,0,1,0,0,0,0,0,0,0,0,0,1,0,0,0,1,0,0
2,0.9368737862873057,0.4783345406270387,-0.46618317148792077,-0.12118239860018547,0.07341192703021858,-0.5490821079184883,0,0,1,0,0,1,0,0,0,0,0,0,0,0,1,0,1,0,1,0,1
3,-0.17828061050251648,-0.46508427634374117,-0.46618317148792077,-0.4864416323092378,-0.5563385795422586,-0.5490821079184883,1,1,0,0,1,0,0,0,0,0,0,0,0,0,1,0,0,0,1,0,0
3,-0.5499987427657905,-0.46508427634374117,-0.46618317148792077,-0.4949433935480804,-0.5563385795422586,-0.5490821079184883,1,0,1,0,1,0,0,0,0,0,0,0,0,0,1,0,0,0,1,0,0
2,-2.123853314768493,-0.46508427634374117,1.9217478939753856,-0.058715379945941185,0.7031624336026958,0.3517161889431792,1,0,1,0,0,0,0,0,0,0,0,0,0,0,1,0,1,0,0,0,1
3,-0.8473732485764098,-0.46508427634374117,-0.46618317148792077,-0.5053545633237878,-0.5563385795422586,-0.5490821079184883,0,0,1,1,0,0,0,0,0,0,0,0,0,0,1,0,0,1,0,0,0
2,1.6803100508138538,-0.46508427634374117,-0.46618317148792077,-0.38146164299287,-0.5563385795422586,-0.5490821079184883,1,0,1,0,1,0,0,0,0,0,0,0,0,0,1,0,0,0,1,0,0
3,-0.9217168750290646,0.4783345406270387,-0.46618317148792077,-0.5156782792733793,0.07341192703021858,-0.5490821079184883,1,0,1,0,1,0,0,0,0,0,0,0,0,0,1,0,1,1,0,0,0
1,1.4572791714558895,0.4783345406270387,-0.46618317148792077,1.192794680920202,0.07341192703021858,0.3517161889431792,1,0,0,0,1,0,0,0,1,0,0,0,0,0,0,0,1,0,1,0,1
3,1.0855610391926154,-0.46508427634374117,-0.46618317148792077,-0.4975461859920073,-0.5563385795422586,-0.5490821079184883,1,0,1,0,1,0,0,0,0,0,0,0,0,0,1,0,0,0,1,0,1
3,-1.7394967660082674,-0.46508427634374117,0.7277823612437324,-0.4028045410330702,0.07341192703021858,-0.5490821079184883,1,0,1,0,0,0,0,0,0,0,1,0,0,0,0,0,1,0,0,0,1
1,2.572433568245712,-0.46508427634374117,-0.46618317148792077,-0.12118239860018547,-0.5563385795422586,-0.5490821079184883,1,0,1,0,1,0,0,0,0,0,0,0,0,0,1,0,0,0,0,1,0
3,-0.8473732485764098,-0.46508427634374117,-0.46618317148792077,-0.5006695369247195,-0.5563385795422586,-0.5490821079184883,0,0,1,1,0,0,0,0,0,0,0,0,0,0,1,0,0,1,0,0,0
3,-0.7730296221237549,-0.46508427634374117,-0.46618317148792077,-0.36063930344145523,-0.5563385795422586,0.3517161889431792,1,0,1,0,1,0,0,0,0,0,0,0,0,0,1,0,0,0,1,0,0
3,-0.2526242369551713,0.4783345406270387,1.9217478939753856,-0.23414359066661056,1.3329129401751731,0.3517161889431792,1,0,1,0,1,0,0,0,0,0,0,0,0,0,1,0,1,0,1,0,0
2,1.0112174127399605,0.4783345406270387,0.7277823612437324,-0.11597681371233177,0.7031624336026958,1.2525144858048467,1,0,1,0,1,0,0,0,0,0,0,0,0,0,1,0,1,0,1,0,0
3,-0.17828061050251648,-0.46508427634374117,-0.46618317148792077,-0.1597037267703028,-0.5563385795422586,1.2525144858048467,1,1,0,0,1,0,0,0,0,0,0,0,0,0,1,0,0,0,1,0,0
3,-0.47565511631313573,-0.46508427634374117,-0.46618317148792077,-0.4975461859920073,-0.5563385795422586,-0.5490821079184883,0,0,1,1,0,0,0,0,0,0,0,0,0,0,1,0,0,0,1,0,0
3,-0.9960605014817194,3.3085909915393783,0.7277823612437324,0.1638233740098041,2.592413953320128,3.0541110795281816,1,0,1,0,1,0,0,0,0,0,0,0,0,0,1,1,0,1,0,0,0
1,0.4908120275713768,-0.46508427634374117,1.9217478939753856,0.8158228812134788,0.7031624336026958,-0.5490821079184883,0,0,1,1,0,0,0,1,0,0,0,0,0,0,0,0,1,0,1,0,1
1,-0.5499987427657905,-0.46508427634374117,0.7277823612437324,0.48266544839084263,0.07341192703021858,0.3517161889431792,0,0,1,1,0,0,0,0,0,0,1,0,0,0,0,0,1,0,1,0,1
3,-0.7730296221237549,-0.46508427634374117,-0.46618317148792077,-0.49815419830690855,-0.5563385795422586,-0.5490821079184883,1,0,1,0,1,0,0,0,0,0,0,0,0,0,1,0,0,0,1,0,0
3,-0.8473732485764098,-0.46508427634374117,-0.46618317148792077,-0.49849984914346207,-0.5563385795422586,-0.5490821079184883,0,1,0,1,0,0,0,0,0,0,0,0,0,0,1,0,0,1,0,0,1
3,1.3085919185505797,-0.46508427634374117,-0.46618317148792077,-0.4751621709742364,-0.5563385795422586,-0.5490821079184883,1,0,1,0,1,0,0,0,0,0,0,0,0,0,1,0,0,0,1,0,0
2,0.7881865333819961,-0.46508427634374117,-0.46618317148792077,-0.3346113790021868,-0.5563385795422586,-0.5490821079184883,0,0,1,0,0,1,0,0,0,0,0,0,0,0,1,0,0,0,1,0,1
3,-0.6986859956711001,0.4783345406270387,-0.46618317148792077,-0.45798374084431925,0.07341192703021858,-0.5490821079184883,0,0,1,1,0,0,0,0,0,0,0,0,0,0,1,0,1,0,1,0,0
2,0.4908120275713768,0.4783345406270387,-0.46618317148792077,-0.12118239860018547,0.07341192703021858,-0.5490821079184883,0,0,1,0,0,1,0,0,0,0,0,0,0,0,1,0,1,0,1,0,1
3,-0.8473732485764098,0.4783345406270387,0.7277823612437324,-0.4990204076322475,0.7031624336026958,-0.5490821079184883,1,0,1,0,1,0,0,0,0,0,0,0,0,0,1,0,1,1,0,0,0
2,-0.8473732485764098,-0.46508427634374117,-0.46618317148792077,-0.42310632209569954,-0.5563385795422586,-0.5490821079184883,1,0,1,0,1,0,0,0,0,0,0,0,0,0,1,0,0,1,0,0,0
3,0.19343752176075757,-0.46508427634374117,-0.46618317148792077,0.5138115038918489,-0.5563385795422586,3.9549093763898493,1,0,1,0,1,0,0,0,0,0,0,0,0,0,1,0,0,0,1,0,1
3,0.26778114821341237,-0.46508427634374117,-0.46618317148792077,-0.49815419830690855,-0.5563385795422586,-0.5490821079184883,1,0,0,0,1,0,0,0,0,0,0,0,0,0,1,0,0,0,1,0,0
1,0.416468401118722,-0.46508427634374117,-0.46618317148792077,-0.10973011184690733,-0.5563385795422586,-0.5490821079184883,1,0,0,0,1,0,0,0,0,0,0,0,0,0,1,0,0,0,1,0,1
1,2.572433568245712,0.4783345406270387,4.309678959438692,4.813712075085113,2.592413953320128,-0.5490821079184883,1,0,1,0,1,0,0,0,1,0,0,0,0,0,0,1,0,0,0,1,0
1,1.6803100508138538,0.4783345406270387,0.7277823612437324,0.9959361183332165,0.7031624336026958,1.2525144858048467,1,0,1,0,1,0,0,0,0,0,1,0,0,0,0,0,1,0,1,0,0
3,-0.40131148986048093,-0.46508427634374117,3.1157134267070385,-0.2615603651539584,1.3329129401751731,1.2525144858048467,0,0,0,0,0,1,0,0,0,0,0,0,0,0,1,0,1,0,1,0,1
3,2.3494026888877473,-0.46508427634374117,-0.46618317148792077,-0.5326838839850196,-0.5563385795422586,-0.5490821079184883,1,0,1,0,1,0,0,0,0,0,0,0,0,0,1,0,0,0,0,1,0
2,-0.40131148986048093,-0.46508427634374117,-0.46618317148792077,-0.44392866164711425,-0.5563385795422586,-0.5490821079184883,1,0,1,0,1,0,0,0,0,0,0,0,0,0,1,0,0,0,1,0,0
3,1.0112174127399605,-0.46508427634374117,-0.46618317148792077,-0.4949433935480804,-0.5563385795422586,-0.5490821079184883,1,0,1,0,1,0,0,0,0,0,0,0,0,0,1,0,0,0,1,0,0
2,0.3421247746660672,-0.46508427634374117,-0.46618317148792077,-0.44392866164711425,-0.5563385795422586,-0.5490821079184883,0,0,1,0,0,1,0,0,0,0,0,1,0,0,0,0,0,0,1,0,1
3,2.498089941793057,-0.46508427634374117,-0.46618317148792077,-0.4629290464877802,-0.5563385795422586,-0.5490821079184883,0,0,1,0,0,1,0,0,0,0,0,0,0,0,1,0,0,0,0,1,1
1,-0.40131148986048093,-0.46508427634374117,-0.46618317148792077,0.7804249039760736,-0.5563385795422586,-0.5490821079184883,0,0,0,1,0,0,0,1,0,0,0,0,0,0,0,0,0,0,1,0,1
1,0.6394992804766865,0.4783345406270387,-0.46618317148792077,0.8217218500083945,0.07341192703021858,-0.5490821079184883,0,0,0,0,0,1,0,0,1,0,0,0,0,0,0,0,1,0,1,0,1
3,-0.6243423692184453,-0.46508427634374117,-0.46618317148792077,-0.5116012651892122,-0.5563385795422586,-0.5490821079184883,1,0,1,0,1,0,0,0,0,0,0,0,0,0,1,0,0,0,1,0,0
1,1.15990466564527,0.4783345406270387,0.7277823612437324,2.7703471811842633,0.7031624336026958,0.3517161889431792,0,0,1,0,0,1,0,0,0,0,0,0,0,0,1,0,1,0,1,0,1
3,-0.9960605014817194,0.4783345406270387,3.1157134267070385,0.053204695142913164,1.9626634467476503,2.153312782666514,1,0,1,0,1,0,0,0,0,0,0,0,0,0,1,1,0,1,0,0,0
3,-0.6986859956711001,0.4783345406270387,-0.46618317148792077,-0.4975461859920073,0.07341192703021858,-0.5490821079184883,1,0,1,0,1,0,0,0,0,0,0,0,0,0,1,0,1,0,1,0,1
2,0.04475026885544795,-0.46508427634374117,-0.46618317148792077,-0.3491870166881771,-0.5563385795422586,-0.5490821079184883,1,0,0,0,1,0,0,0,0,0,0,0,0,0,1,0,0,0,1,0,0
3,0.8625301598346509,-0.46508427634374117,5.503644492170345,0.1638233740098041,2.592413953320128,3.0541110795281816,0,0,1,0,0,1,0,0,0,0,0,0,0,0,1,1,0,0,1,0,0
2,0.04475026885544795,-0.46508427634374117,-0.46618317148792077,-0.3918728127685774,-0.5563385795422586,-0.5490821079184883,1,0,1,0,1,0,0,0,0,0,0,0,0,0,1,0,0,0,1,0,0
3,-0.029593357597206858,-0.46508427634374117,-0.46618317148792077,-0.4949433935480804,-0.5563385795422586,-0.5490821079184883,1,0,1,0,1,0,0,0,0,0,0,0,0,0,1,0,0,0,1,0,0
3,-1.962527645366232,2.3651721745685985,0.7277823612437324,-0.22373242089090317,1.9626634467476503,2.153312782666514,0,0,1,1,0,0,0,0,0,0,0,0,0,0,1,1,0,0,0,0,0
2,-1.962527645366232,0.4783345406270387,0.7277823612437324,-0.12118239860018547,0.7031624336026958,1.2525144858048467,1,0,1,0,0,0,0,0,0,0,0,1,0,0,0,0,1,0,0,0,1
2,1.8289973037191634,0.4783345406270387,-0.46618317148792077,-0.12118239860018547,0.07341192703021858,0.3517161889431792,1,0,1,0,0,0,1,0,0,0,0,0,0,0,1,0,1,0,1,0,0
3,-0.10393698404986167,1.4217533575978185,-0.46618317148792077,-0.4975461859920073,0.7031624336026958,-0.5490821079184883,1,0,1,0,1,0,0,0,0,0,0,0,0,0,1,0,1,0,1,0,0
3,0.4908120275713768,-0.46508427634374117,-0.46618317148792077,-0.5064831341274745,-0.5563385795422586,-0.5490821079184883,1,0,1,0,1,0,0,0,0,0,0,0,0,0,1,0,0,0,1,0,0
1,1.3829355450032346,-0.46508427634374117,-0.46618317148792077,-0.10973011184690733,-0.5563385795422586,-0.5490821079184883,1,0,1,0,1,0,0,0,0,0,1,0,0,0,0,0,0,0,1,0,1
3,0.11909389530810277,-0.46508427634374117,-0.46618317148792077,-0.4817566059101695,-0.5563385795422586,-0.5490821079184883,0,0,1,0,0,1,0,0,0,0,0,0,0,0,1,0,0,0,1,0,1
3,-0.2526242369551713,-0.46508427634374117,-0.46618317148792077,-0.49815419830690855,-0.5563385795422586,-0.5490821079184883,1,0,1,0,1,0,0,0,0,0,0,0,0,0,1,0,0,0,1,0,0
3,-1.8138403924609223,2.3651721745685985,0.7277823612437324,-0.13228695228295498,1.9626634467476503,1.2525144858048467,1,0,1,0,0,0,0,0,0,0,0,0,0,0,1,1,0,0,0,0,0
3,-2.1543342016140814,-0.46508427634374117,0.7277823612437324,-0.4852256076794352,0.07341192703021858,-0.5490821079184883,1,0,0,0,0,0,0,0,0,0,0,0,0,0,1,0,1,0,0,0,1
3,-0.3269678634078261,-0.46508427634374117,-0.46618317148792077,-0.5006695369247195,-0.5563385795422586,-0.5490821079184883,0,0,1,1,0,0,0,0,0,0,0,0,0,0,1,0,0,0,1,0,0
1,0.7881865333819961,-0.46508427634374117,-0.46618317148792077,0.4201984297365983,-0.5563385795422586,0.3517161889431792,1,0,1,0,1,0,0,0,0,0,0,0,0,0,0,0,0,0,1,0,0
3,0.6394992804766865,-0.46508427634374117,-0.46618317148792077,-0.48218971057283894,-0.5563385795422586,-0.5490821079184883,1,0,1,0,1,0,0,0,0,0,0,0,0,0,1,0,0,0,1,0,0
3,-0.17828061050251648,-0.46508427634374117,-0.46618317148792077,-0.4949433935480804,-0.5563385795422586,-0.5490821079184883,1,0,1,0,1,0,0,0,0,0,0,0,0,0,1,0,0,0,1,0,0
3,-1.8138403924609223,0.4783345406270387,0.7277823612437324,-0.3451100026040101,0.7031624336026958,-0.5490821079184883,1,0,0,0,0,0,0,0,0,0,0,0,0,0,1,0,1,0,0,0,1
3,-1.0704041279343741,0.4783345406270387,0.7277823612437324,-0.5120343698518817,0.7031624336026958,-0.5490821079184883,1,0,0,0,1,0,0,0,0,0,0,0,0,0,1,0,1,1,0,0,0
2,0.416468401118722,-0.46508427634374117,-0.46618317148792077,-0.12118239860018547,-0.5563385795422586,0.3517161889431792,1,0,1,0,1,0,0,0,0,0,0,0,0,0,1,0,0,0,1,0,0
3,-0.17828061050251648,-0.46508427634374117,-0.46618317148792077,-0.5006695369247195,-0.5563385795422586,-0.5490821079184883,1,0,1,0,1,0,0,0,0,0,0,0,0,0,1,0,0,0,1,0,0
1,-0.40131148986048093,-0.46508427634374117,-0.46618317148792077,0.9865660655350799,-0.5563385795422586,0.3517161889431792,1,0,0,0,1,0,0,1,0,0,0,0,0,0,0,0,0,0,1,0,0
1,0.4908120275713768,-0.46508427634374117,-0.46618317148792077,0.17293314756354805,-0.5563385795422586,-0.5490821079184883,1,0,0,0,1,0,0,0,0,0,0,0,0,0,0,0,0,0,1,0,0
3,-0.5499987427657905,-0.46508427634374117,-0.46618317148792077,-0.5006695369247195,-0.5563385795422586,-0.5490821079184883,0,0,1,1,0,0,0,0,0,0,0,0,0,0,1,0,0,0,1,0,1
1,1.5316227979085442,1.4217533575978185,-0.46618317148792077,2.120342454109614,0.7031624336026958,0.3517161889431792,1,0,1,0,0,0,1,0,0,0,0,0,0,0,1,0,1,0,1,0,1
3,-0.17828061050251648,-0.46508427634374117,-0.46618317148792077,-0.5011900954135049,-0.5563385795422586,-0.5490821079184883,1,1,0,0,1,0,0,0,0,0,0,0,0,0,1,0,0,0,1,0,0
3,1.1970764788715975,-0.46508427634374117,-0.46618317148792077,-0.5121218236779976,-0.5563385795422586,-0.5490821079184883,1,0,0,0,1,0,0,0,0,0,0,0,0,0,1,0,0,0,1,0,0
3,0.26778114821341237,-0.46508427634374117,-0.46618317148792077,-0.5006695369247195,-0.5563385795422586,-0.5490821079184883,1,0,1,0,1,0,0,0,0,0,0,0,0,0,1,0,0,0,1,0,0
3,-0.7730296221237549,-0.46508427634374117,-0.46618317148792077,-0.49815419830690855,-0.5563385795422586,-0.5490821079184883,1,0,1,0,1,0,0,0,0,0,0,0,0,0,1,0,0,0,1,0,0
2,-0.8473732485764098,-0.46508427634374117,-0.46618317148792077,-0.3918728127685774,-0.5563385795422586,-0.5490821079184883,1,0,1,0,1,0,0,0,0,0,0,0,0,0,1,0,0,1,0,0,0
3,-0.9960605014817194,-0.46508427634374117,-0.46618317148792077,-0.5011900954135049,-0.5563385795422586,-0.5490821079184883,0,1,0,1,0,0,0,0,0,0,0,0,0,0,1,0,0,1,0,0,1
1,0.7881865333819961,-0.46508427634374117,-0.46618317148792077,-0.03789304039452642,-0.5563385795422586,-0.5490821079184883,1,0,1,0,1,0,0,0,0,1,0,0,0,0,0,0,0,0,1,0,1
1,0.7881865333819961,-0.46508427634374117,-0.46618317148792077,-0.04413974225995086,-0.5563385795422586,-0.5490821079184883,1,0,0,0,1,0,0,0,1,0,0,0,0,0,0,0,0,0,1,0,1
1,1.3829355450032346,0.4783345406270387,-0.46618317148792077,0.9351182289714443,0.07341192703021858,1.2525144858048467,1,0,0,0,1,0,0,0,0,1,0,0,0,0,0,0,1,0,1,0,1
3,-0.5499987427657905,-0.46508427634374117,-0.46618317148792077,-0.49815419830690855,-0.5563385795422586,-0.5490821079184883,1,0,1,0,1,0,0,0,0,0,0,0,0,0,1,0,0,0,1,0,0
1,-0.029593357597206858,-0.46508427634374117,-0.46618317148792077,-0.03789304039452642,-0.5563385795422586,-0.5490821079184883,1,0,1,0,1,0,0,0,0,1,0,0,0,0,0,0,0,0,1,0,0
1,0.7881865333819961,-0.46508427634374117,-0.46618317148792077,-0.12274407406654156,-0.5563385795422586,-0.5490821079184883,1,0,1,0,1,0,0,0,0,0,0,0,0,0,1,0,0,0,1,0,0
1,0.6394992804766865,-0.46508427634374117,0.7277823612437324,2.5328850564720184,0.07341192703021858,1.2525144858048467,1,0,1,0,1,0,0,0,1,0,0,0,0,0,0,0,1,0,1,0,0
3,1.0855610391926154,-0.46508427634374117,-0.46618317148792077,-0.4949433935480804,-0.5563385795422586,-0.5490821079184883,1,0,1,0,1,0,0,0,0,0,0,0,0,0,1,0,0,0,1,0,0
2,-1.962527645366232,0.4783345406270387,0.7277823612437324,-0.2721443603479425,0.7031624336026958,1.2525144858048467,1,0,1,0,0,0,0,0,0,0,0,0,0,0,1,0,1,0,0,0,1
1,-0.8473732485764098,0.4783345406270387,-0.46618317148792077,4.075039579498675,0.07341192703021858,2.153312782666514,0,0,0,0,0,1,0,0,1,0,0,0,0,0,0,0,1,1,0,0,1
1,-0.8473732485764098,0.4783345406270387,-0.46618317148792077,1.6049895502120983,0.07341192703021858,0.3517161889431792,1,0,0,0,1,0,0,0,1,0,0,0,0,0,0,0,1,1,0,0,0
3,-0.17828061050251648,0.4783345406270387,-0.46618317148792077,-0.1597037267703028,0.07341192703021858,1.2525144858048467,1,1,0,0,1,0,0,0,0,0,0,0,0,0,1,0,1,0,1,0,0
3,-2.0368712718188866,2.3651721745685985,0.7277823612437324,-0.22373242089090317,1.9626634467476503,2.153312782666514,1,0,1,0,0,0,0,0,0,0,0,0,0,0,1,1,0,0,0,0,0
1,0.416468401118722,-0.46508427634374117,-0.46618317148792077,10.005329337567716,-0.5563385795422586,0.3517161889431792,1,0,0,0,1,0,0,1,0,0,0,0,0,0,0,0,0,0,1,0,1
3,3.3158698327722598,-0.46508427634374117,-0.46618317148792077,-0.5006695369247195,-0.5563385795422586,-0.5490821079184883,1,0,1,0,1,0,0,0,0,0,0,0,0,0,1,0,0,0,0,1,0
2,0.11909389530810277,-0.46508427634374117,-0.46618317148792077,-0.3918728127685774,-0.5563385795422586,-0.5490821079184883,1,0,1,0,1,0,0,0,0,0,0,0,0,0,1,0,0,0,1,0,1
3,-0.06676517082353427,-0.46508427634374117,-0.46618317148792077,-0.32732356015919156,-0.5563385795422586,0.3517161889431792,1,0,1,0,1,0,0,0,0,0,0,0,0,0,1,0,0,0,1,0,0
1,1.977684556624473,-0.46508427634374117,-0.46618317148792077,-0.023404856534652064,-0.5563385795422586,-0.5490821079184883,1,0,0,0,1,0,0,0,0,0,0,0,0,0,0,0,0,0,1,0,0
3,-0.2526242369551713,0.4783345406270387,-0.46618317148792077,-0.4990204076322475,0.07341192703021858,-0.5490821079184883,1,0,1,0,1,0,0,0,0,0,0,0,0,0,1,0,1,0,1,0,0
3,0.19343752176075757,-0.46508427634374117,-0.46618317148792077,-0.4990204076322475,-0.5563385795422586,-0.5490821079184883,1,0,1,0,1,0,0,0,0,0,0,0,0,0,1,0,0,0,1,0,1
3,-0.17828061050251648,-0.46508427634374117,-0.46618317148792077,-0.5120343698518817,-0.5563385795422586,-0.5490821079184883,1,0,0,0,1,0,0,0,0,0,0,0,0,0,1,0,0,0,1,0,1
1,0.7881865333819961,-0.46508427634374117,-0.46618317148792077,-0.017070700843111658,-0.5563385795422586,-0.5490821079184883,1,0,0,0,1,0,0,0,0,0,0,0,0,0,0,0,0,0,1,0,1
1,-0.17828061050251648,-0.46508427634374117,-0.46618317148792077,0.9351182289714443,-0.5563385795422586,1.2525144858048467,1,0,0,0,1,0,0,0,0,1,0,0,0,0,0,0,0,0,1,0,1
3,-0.17828061050251648,-0.46508427634374117,-0.46618317148792077,-0.33981696389004046,-0.5563385795422586,-0.5490821079184883,1,1,0,0,1,0,0,0,0,0,0,0,0,0,1,0,0,0,1,0,0
3,0.6394992804766865,-0.46508427634374117,-0.46618317148792077,-0.49815419830690855,-0.5563385795422586,-0.5490821079184883,1,0,1,0,1,0,0,0,0,0,0,0,0,0,1,0,0,0,1,0,0
3,-2.1112148982715415,3.3085909915393783,0.7277823612437324,0.1638233740098041,2.592413953320128,3.0541110795281816,1,0,1,0,0,0,0,0,0,0,0,0,0,0,1,1,0,0,0,0,0
2,0.04475026885544795,-0.46508427634374117,-0.46618317148792077,-0.6625632269369692,-0.5563385795422586,-0.5490821079184883,1,0,1,0,1,0,0,0,0,0,0,0,0,0,1,0,0,0,1,0,0
3,-0.17828061050251648,-0.46508427634374117,-0.46618317148792077,-0.5016232000761743,-0.5563385795422586,-0.5490821079184883,1,1,0,0,1,0,0,0,0,0,0,0,0,0,1,0,0,0,1,0,0
2,-2.1357482950009175,0.4783345406270387,0.7277823612437324,-0.36063930344145523,0.7031624336026958,0.3517161889431792,1,0,1,0,0,0,0,0,0,0,0,0,0,0,1,0,1,0,0,0,1
3,-0.17828061050251648,0.4783345406270387,-0.46618317148792077,-0.33981696389004046,0.07341192703021858,-0.5490821079184883,1,1,0,0,1,0,0,0,0,0,0,0,0,0,1,0,1,0,1,0,0
3,-2.0368712718188866,-0.46508427634374117,0.7277823612437324,-0.40670872969896044,0.07341192703021858,-0.5490821079184883,0,0,1,1,0,0,0,0,0,0,0,0,0,0,1,0,1,0,0,0,1
3,-0.8473732485764098,-0.46508427634374117,-0.46618317148792077,-0.45763600777381064,-0.5563385795422586,-0.5490821079184883,0,0,1,1,0,0,0,0,0,0,0,0,0,0,1,0,0,1,0,0,1
1,1.605966424361199,0.4783345406270387,-0.46618317148792077,0.9607109665140879,0.07341192703021858,0.3517161889431792,0,0,1,0,0,1,0,0,0,1,0,0,0,0,0,0,1,0,1,0,1
2,-0.029593357597206858,0.4783345406270387,-0.46618317148792077,-0.08535131670011094,0.07341192703021858,-0.5490821079184883,1,0,0,0,1,0,0,0,0,0,0,0,0,0,1,0,1,0,1,0,0
3,1.4572791714558895,-0.46508427634374117,-0.46618317148792077,-0.6625632269369692,-0.5563385795422586,1.2525144858048467,1,0,1,0,1,0,0,0,0,0,0,0,0,0,1,0,0,0,1,0,0
3,-0.40131148986048093,-0.46508427634374117,-0.46618317148792077,-0.464751001198529,-0.5563385795422586,-0.5490821079184883,1,0,1,0,1,0,0,0,0,0,0,0,0,0,1,0,0,0,1,0,0
3,0.11909389530810277,0.4783345406270387,0.7277823612437324,-0.2351847076441813,0.7031624336026958,0.3517161889431792,0,0,1,0,0,1,0,0,0,0,0,0,0,0,1,0,1,0,1,0,1
3,1.15990466564527,-0.46508427634374117,-0.46618317148792077,-0.5011900954135049,-0.5563385795422586,-0.5490821079184883,0,0,1,1,0,0,0,0,0,0,0,0,0,0,1,0,0,0,1,0,0
3,0.19343752176075757,-0.46508427634374117,-0.46618317148792077,-0.4975461859920073,-0.5563385795422586,-0.5490821079184883,1,0,1,0,1,0,0,0,0,0,0,0,0,0,1,0,0,0,1,0,0
3,-0.8473732485764098,-0.46508427634374117,0.7277823612437324,-0.36159296659291,0.07341192703021858,0.3517161889431792,0,0,0,1,0,0,0,0,0,0,0,0,0,0,1,0,1,1,0,0,0
2,1.0855610391926154,0.4783345406270387,-0.46618317148792077,-0.12118239860018547,0.07341192703021858,0.3517161889431792,0,0,1,0,0,1,0,0,0,0,0,0,0,0,1,0,1,0,1,0,0
1,1.3085919185505797,0.4783345406270387,0.7277823612437324,0.43173817031599243,0.7031624336026958,0.3517161889431792,0,0,1,0,0,1,0,0,0,1,0,0,0,0,0,0,1,0,1,0,1
2,0.5279838407977042,-0.46508427634374117,1.9217478939753856,-0.12118239860018547,0.7031624336026958,1.2525144858048467,1,0,1,0,1,0,0,0,0,0,0,1,0,0,0,0,1,0,1,0,0
2,0.04475026885544795,-0.46508427634374117,-0.46618317148792077,-0.3918728127685774,-0.5563385795422586,-0.5490821079184883,1,0,1,0,1,0,0,0,0,0,0,0,0,0,1,0,0,0,1,0,0
2,-0.17828061050251648,-0.46508427634374117,-0.46618317148792077,-0.44392866164711425,-0.5563385795422586,-0.5490821079184883,0,0,1,1,0,0,0,0,0,0,1,0,0,0,0,0,0,0,1,0,1
3,-0.029593357597206858,-0.46508427634374117,-0.46618317148792077,-0.464751001198529,-0.5563385795422586,-0.5490821079184883,1,0,1,0,1,0,0,0,0,0,0,0,0,0,1,0,0,0,1,0,1
1,3.0928389534142955,-0.46508427634374117,-0.46618317148792077,0.3682300346841773,-0.5563385795422586,-0.5490821079184883,1,0,0,0,1,0,0,0,0,0,0,0,0,0,1,0,0,0,0,1,0
1,1.6803100508138538,0.4783345406270387,0.7277823612437324,1.2843255211203108,0.7031624336026958,0.3517161889431792,0,0,1,0,0,1,0,1,0,0,0,0,0,0,0,0,1,0,1,0,1
3,1.0112174127399605,0.4783345406270387,6.697610024901998,0.314004498024383,3.851914966465082,2.153312782666514,0,0,1,0,0,1,0,0,0,0,0,0,0,0,1,1,0,0,1,0,0
3,-0.5499987427657905,-0.46508427634374117,-0.46618317148792077,-0.49815419830690855,-0.5563385795422586,-0.5490821079184883,1,0,1,0,1,0,0,0,0,0,0,0,0,0,1,0,0,0,1,0,0
3,-0.8473732485764098,1.4217533575978185,-0.46618317148792077,-0.17844383236657607,0.7031624336026958,0.3517161889431792,0,1,0,1,0,0,0,0,0,0,0,0,0,0,1,0,1,1,0,0,1
1,0.7138429069293413,-0.46508427634374117,0.7277823612437324,0.48266544839084263,0.07341192703021858,0.3517161889431792,0,0,1,0,0,1,0,0,0,0,1,0,0,0,0,0,1,0,1,0,1
3,-0.2526242369551713,-0.46508427634374117,-0.46618317148792077,-0.49815419830690855,-0.5563385795422586,-0.5490821079184883,1,0,1,0,1,0,0,0,0,0,0,0,0,0,1,0,0,0,1,0,0
3,-0.3269678634078261,0.4783345406270387,-0.46618317148792077,-0.4975461859920073,0.07341192703021858,-0.5490821079184883,0,0,1,1,0,0,0,0,0,0,0,0,0,0,1,0,1,0,1,0,0
1,0.7881865333819961,-0.46508427634374117,-0.46618317148792077,-0.6625632269369692,-0.5563385795422586,-0.5490821079184883,1,0,1,0,1,0,0,1,0,0,0,0,0,0,0,0,0,0,1,0,0
1,0.11909389530810277,-0.46508427634374117,1.9217478939753856,2.7703471811842633,0.7031624336026958,0.3517161889431792,0,0,1,1,0,0,0,0,1,0,0,0,0,0,0,0,1,0,1,0,1
3,1.15990466564527,-0.46508427634374117,-0.46618317148792077,-0.4949433935480804,-0.5563385795422586,-0.5490821079184883,1,0,1,0,1,0,0,0,0,0,0,0,0,0,1,0,0,0,1,0,1
3,-0.5499987427657905,-0.46508427634374117,-0.46618317148792077,-0.5116012651892122,-0.5563385795422586,-0.5490821079184883,1,0,1,0,1,0,0,0,0,0,0,0,0,0,1,0,0,0,1,0,0
1,1.4572791714558895,0.4783345406270387,-0.46618317148792077,0.9351182289714443,0.07341192703021858,1.2525144858048467,0,0,0,0,0,1,0,0,0,1,0,0,0,0,0,0,1,0,1,0,1
2,-0.5499987427657905,0.4783345406270387,1.9217478939753856,0.2032129937392154,1.3329129401751731,0.3517161889431792,0,0,0,0,0,1,0,0,0,0,0,0,0,0,1,0,1,0,1,0,1
3,-1.8881840189135772,-0.46508427634374117,1.9217478939753856,-0.20395119831705918,0.7031624336026958,-0.5490821079184883,0,0,1,1,0,0,0,0,0,0,0,0,0,0,1,0,1,0,0,0,1
3,-0.029593357597206858,-0.46508427634374117,1.9217478939753856,-0.3451100026040101,0.7031624336026958,-0.5490821079184883,0,0,0,0,0,1,0,0,0,0,0,0,0,0,1,0,1,0,1,0,1
2,0.3421247746660672,-0.46508427634374117,-0.46618317148792077,-0.3918728127685774,-0.5563385795422586,-0.5490821079184883,1,0,1,0,1,0,0,0,0,0,0,0,0,0,1,0,0,0,1,0,0
1,1.3829355450032346,-0.46508427634374117,-0.46618317148792077,-0.1226566202404256,-0.5563385795422586,-0.5490821079184883,0,0,1,0,0,1,0,0,0,1,0,0,0,0,0,0,0,0,1,0,1
2,-0.17828061050251648,0.4783345406270387,-0.46618317148792077,-0.22529409635725928,0.07341192703021858,0.3517161889431792,0,0,1,0,0,1,0,0,0,0,0,0,0,0,1,0,1,0,1,0,0
1,1.8289973037191634,0.4783345406270387,-0.46618317148792077,0.5742837424170676,0.07341192703021858,-0.5490821079184883,0,0,0,0,0,1,0,0,0,0,0,0,0,0,1,0,1,0,1,0,1
2,0.04475026885544795,-0.46508427634374117,-0.46618317148792077,-0.3739135449054821,-0.5563385795422586,-0.5490821079184883,1,0,0,0,1,0,0,0,0,0,0,0,0,0,1,0,0,0,1,0,1
2,-0.7730296221237549,0.4783345406270387,-0.46618317148792077,-0.12118239860018547,0.07341192703021858,0.3517161889431792,0,0,1,0,0,1,0,0,0,0,0,0,0,0,1,0,1,0,1,0,1
1,-0.5499987427657905,0.4783345406270387,-0.46618317148792077,0.7242045871872537,0.07341192703021858,-0.5490821079184883,0,0,1,0,0,1,0,0,1,0,0,0,0,0,0,0,1,0,1,0,1
1,1.1970764788715975,-0.46508427634374117,-0.46618317148792077,-0.06912654972164857,-0.5563385795422586,-0.5490821079184883,1,0,1,0,1,0,0,0,1,0,0,0,0,0,0,0,0,0,1,0,0
1,0.7881865333819961,-0.46508427634374117,-0.46618317148792077,-0.08535131670011094,-0.5563385795422586,-0.5490821079184883,1,0,0,0,1,0,0,0,0,0,0,0,0,0,1,0,0,0,1,0,0
3,-0.47565511631313573,-0.46508427634374117,-0.46618317148792077,-0.4990204076322475,-0.5563385795422586,-0.5490821079184883,1,0,1,0,1,0,0,0,0,0,0,0,0,0,1,0,0,0,1,0,0
3,0.04475026885544795,-0.46508427634374117,-0.46618317148792077,-0.4949433935480804,-0.5563385795422586,-0.5490821079184883,1,0,1,0,1,0,0,0,0,0,0,0,0,0,1,0,0,0,1,0,0
3,-0.17828061050251648,-0.46508427634374117,-0.46618317148792077,-0.5120343698518817,-0.5563385795422586,-0.5490821079184883,1,0,0,0,1,0,0,0,0,0,0,0,0,0,1,0,0,0,1,0,0
2,0.3421247746660672,0.4783345406270387,-0.46618317148792077,-0.22529409635725928,0.07341192703021858,-0.5490821079184883,1,0,1,0,1,0,0,0,0,0,0,0,0,0,1,0,1,0,1,0,0
3,0.11909389530810277,-0.46508427634374117,-0.46618317148792077,-0.4975461859920073,-0.5563385795422586,-0.5490821079184883,1,0,1,0,1,0,0,0,0,0,0,0,0,0,1,0,0,0,1,0,1
3,-0.17828061050251648,7.082266259422497,1.9217478939753856,0.7856304888639273,5.741166486182514,3.0541110795281816,1,0,1,0,1,0,0,0,0,0,0,0,0,0,1,1,0,0,1,0,0
3,0.7881865333819961,0.4783345406270387,4.309678959438692,-0.08161995345249745,2.592413953320128,3.0541110795281816,1,0,1,0,1,0,0,0,0,0,0,0,0,0,1,1,0,0,1,0,0
3,-0.8473732485764098,-0.46508427634374117,-0.46618317148792077,-0.5011900954135049,-0.5563385795422586,-0.5490821079184883,0,1,0,1,0,0,0,0,0,0,0,0,0,0,1,0,0,1,0,0,1
2,0.19343752176075757,-0.46508427634374117,-0.46618317148792077,-0.44392866164711425,-0.5563385795422586,-0.5490821079184883,1,0,1,0,1,0,0,0,0,0,0,0,0,0,1,0,0,0,1,0,0
3,-0.6986859956711001,-0.46508427634374117,-0.46618317148792077,-0.47047714457516815,-0.5563385795422586,-0.5490821079184883,1,0,1,0,1,0,0,0,0,0,0,0,0,0,1,0,0,0,1,0,0
1,-0.17828061050251648,-0.46508427634374117,1.9217478939753856,3.741361588187253,0.7031624336026958,-0.5490821079184883,1,0,0,0,1,0,0,0,1,0,0,0,0,0,0,0,1,0,1,0,0
2,0.230609334987085,-0.46508427634374117,-0.46618317148792077,-0.3918728127685774,-0.5563385795422586,-0.5490821079184883,0,0,1,1,0,0,0,0,0,0,1,0,0,0,0,0,0,0,1,0,1
1,1.0855610391926154,-0.46508427634374117,-0.46618317148792077,-0.08535131670011094,-0.5563385795422586,-0.5490821079184883,0,0,0,0,0,1,0,1,0,0,0,0,0,0,0,0,0,0,1,0,1
2,-0.47565511631313573,-0.46508427634374117,-0.46618317148792077,-0.34927447051429306,-0.5563385795422586,-0.5490821079184883,1,0,0,0,1,0,0,0,0,0,0,0,0,0,1,0,0,0,1,0,0
3,0.3421247746660672,0.4783345406270387,0.7277823612437324,-0.3627215373965967,0.7031624336026958,0.3517161889431792,1,0,1,0,1,0,0,0,0,0,0,0,0,0,1,0,1,0,1,0,0
2,0.19343752176075757,0.4783345406270387,-0.46618317148792077,-0.12118239860018547,0.07341192703021858,0.3517161889431792,1,0,1,0,1,0,0,0,0,0,0,0,0,0,1,0,1,0,1,0,1
1,-1.8881840189135772,-0.46508427634374117,1.9217478939753856,1.0419180907646057,0.7031624336026958,-0.5490821079184883,1,0,1,0,0,0,0,0,0,0,0,0,0,0,0,0,1,0,0,0,1
3,-2.0368712718188866,3.3085909915393783,1.9217478939753856,-0.01134455746647263,3.222164459892605,3.9549093763898493,0,0,1,1,0,0,0,0,0,0,0,0,0,0,1,1,0,0,0,0,0
2,0.04475026885544795,-0.46508427634374117,-0.46618317148792077,-0.6625632269369692,-0.5563385795422586,1.2525144858048467,1,0,1,0,1,0,0,0,0,0,0,0,0,0,1,0,0,0,1,0,0
2,-0.3269678634078261,-0.46508427634374117,-0.46618317148792077,-0.3918728127685774,-0.5563385795422586,-0.5490821079184883,1,0,1,0,1,0,0,0,0,0,0,0,0,0,1,0,0,0,1,0,0
3,-0.40131148986048093,-0.46508427634374117,-0.46618317148792077,-0.4949433935480804,-0.5563385795422586,-0.5490821079184883,1,0,1,0,1,0,0,0,0,0,0,0,0,0,1,0,0,0,1,0,0
3,-0.6243423692184453,-0.46508427634374117,-0.46618317148792077,-0.48218971057283894,-0.5563385795422586,-0.5490821079184883,1,0,1,0,1,0,0,0,0,0,0,0,0,0,1,0,0,0,1,0,0
2,0.11909389530810277,-0.46508427634374117,-0.46618317148792077,-0.44392866164711425,-0.5563385795422586,-0.5490821079184883,1,0,1,0,1,0,0,0,0,0,0,0,0,0,1,0,0,0,1,0,0
2,1.8289973037191634,-0.46508427634374117,-0.46618317148792077,-0.3710504732171626,-0.5563385795422586,-0.5490821079184883,1,0,1,0,0,0,1,0,0,0,0,0,0,0,1,0,0,0,1,0,0
3,0.26778114821341237,2.3651721745685985,-0.46618317148792077,-0.3325291450470453,1.3329129401751731,0.3517161889431792,0,0,1,0,0,1,0,0,0,0,0,0,0,0,1,0,1,0,1,0,1
2,-0.47565511631313573,-0.46508427634374117,-0.46618317148792077,-0.3918728127685774,-0.5563385795422586,-0.5490821079184883,1,0,1,0,1,0,0,0,0,0,0,0,0,0,1,0,0,0,1,0,0
2,-0.7730296221237549,0.4783345406270387,0.7277823612437324,0.10265775157752322,0.7031624336026958,-0.5490821079184883,1,0,1,0,1,0,0,0,0,0,0,0,0,0,1,0,1,0,1,0,0
3,2.6467771946983665,-0.46508427634374117,-0.46618317148792077,-0.5011900954135049,-0.5563385795422586,-0.5490821079184883,1,1,0,0,1,0,0,0,0,0,0,0,0,0,1,0,0,0,0,1,0
3,-0.17828061050251648,0.4783345406270387,-0.46618317148792077,-0.24680981981573616,0.07341192703021858,-0.5490821079184883,1,0,1,0,1,0,0,0,0,0,0,0,0,0,1,0,1,0,1,0,0
2,0.9368737862873057,-0.46508427634374117,-0.46618317148792077,-0.3918728127685774,-0.5563385795422586,-0.5490821079184883,0,0,1,0,0,1,0,0,0,0,0,0,0,0,1,0,0,0,1,0,1
2,-0.8473732485764098,-0.46508427634374117,-0.46618317148792077,-0.42310632209569954,-0.5563385795422586,-0.5490821079184883,1,0,1,0,1,0,0,0,0,0,0,0,0,0,1,0,0,1,0,0,0
2,-0.17828061050251648,-0.46508427634374117,-0.46618317148792077,-0.3918728127685774,-0.5563385795422586,-0.5490821079184883,1,0,1,0,1,0,0,0,0,0,0,0,0,0,1,0,0,0,1,0,0
1,1.8289973037191634,-0.46508427634374117,0.7277823612437324,0.946743341142999,0.07341192703021858,0.3517161889431792,1,0,1,0,1,0,0,0,0,1,0,0,0,0,0,0,1,0,1,0,0
3,-0.17828061050251648,-0.46508427634374117,-0.46618317148792077,-0.5120343698518817,-0.5563385795422586,-0.5490821079184883,1,0,0,0,1,0,0,0,0,0,0,0,0,0,1,0,0,0,1,0,0
1,1.3085919185505797,-0.46508427634374117,-0.46618317148792077,0.4201984297365983,-0.5563385795422586,0.3517161889431792,1,0,1,0,1,0,0,0,1,0,0,0,0,0,0,0,0,0,1,0,0
3,-1.3677786337449935,4.252009808510158,1.9217478939753856,0.314004498024383,3.851914966465082,2.153312782666514,1,0,1,0,0,0,0,0,0,0,0,0,0,0,1,1,0,0,0,0,0
2,-0.6243423692184453,1.4217533575978185,-0.46618317148792077,0.8678787300920157,0.7031624336026958,3.0541110795281816,1,0,1,0,1,0,0,0,0,0,0,0,0,0,1,0,1,0,1,0,0
2,-0.029593357597206858,-0.46508427634374117,-0.46618317148792077,-0.44392866164711425,-0.5563385795422586,-0.5490821079184883,1,0,1,0,1,0,0,0,0,0,0,0,0,0,1,0,0,0,1,0,0
3,0.7138429069293413,-0.46508427634374117,-0.46618317148792077,-0.1597037267703028,-0.5563385795422586,-0.5490821079184883,1,0,1,0,1,0,0,0,0,0,0,0,0,0,1,0,0,0,1,0,0
3,0.7138429069293413,-0.46508427634374117,5.503644492170345,-0.05611258750201434,2.592413953320128,2.153312782666514,0,1,0,0,0,1,0,0,0,0,0,0,0,0,1,1,0,0,1,0,0
3,0.4908120275713768,0.4783345406270387,-0.46618317148792077,-0.3387758469124697,0.07341192703021858,-0.5490821079184883,1,0,1,0,1,0,0,0,0,0,0,0,0,0,1,0,1,0,1,0,0
1,-0.9217168750290646,0.4783345406270387,-0.46618317148792077,1.6049895502120983,0.07341192703021858,0.3517161889431792,0,0,0,0,0,1,0,0,1,0,0,0,0,0,0,0,1,1,0,0,1
3,-0.17828061050251648,-0.46508427634374117,-0.46618317148792077,-0.48218971057283894,-0.5563385795422586,-0.5490821079184883,1,0,1,0,1,0,0,0,0,0,0,0,0,0,1,0,0,0,1,0,0
3,-1.3677786337449935,3.3085909915393783,1.9217478939753856,-0.01134455746647263,3.222164459892605,3.9549093763898493,0,0,1,1,0,0,0,0,0,0,0,0,0,0,1,1,0,0,0,0,0
3,1.3085919185505797,0.4783345406270387,-0.46618317148792077,-0.36063930344145523,0.07341192703021858,-0.5490821079184883,0,0,1,0,0,1,0,0,0,0,0,0,0,0,1,0,1,0,1,0,0
1,0.7881865333819961,-0.46508427634374117,-0.46618317148792077,-0.12118239860018547,-0.5563385795422586,-0.5490821079184883,1,0,1,0,1,0,0,0,0,0,0,0,0,0,0,0,0,0,1,0,0
3,0.6394992804766865,0.4783345406270387,5.503644492170345,-0.009002044266938455,3.222164459892605,2.153312782666514,0,0,1,0,0,1,0,0,0,0,0,0,0,0,1,1,0,0,1,0,1
2,-0.40131148986048093,-0.46508427634374117,-0.46618317148792077,-0.40540733347699703,-0.5563385795422586,-0.5490821079184883,0,1,0,1,0,0,0,0,0,0,1,0,0,0,0,0,0,0,1,0,1
1,-0.7730296221237549,-0.46508427634374117,-0.46618317148792077,-0.03789304039452642,-0.5563385795422586,-0.5490821079184883,0,0,1,1,0,0,0,1,0,0,0,0,0,0,0,0,0,0,1,0,1
1,1.3829355450032346,0.4783345406270387,-0.46618317148792077,0.16200141929905532,0.07341192703021858,-0.5490821079184883,0,0,0,0,0,0,1,0,0,0,0,0,0,0,0,0,1,0,1,0,1
3,-0.17828061050251648,-0.46508427634374117,-0.46618317148792077,-0.5014503746578975,-0.5563385795422586,-0.5490821079184883,1,1,0,0,1,0,0,0,0,0,0,0,0,0,1,0,0,0,1,0,0
1,0.7138429069293413,0.4783345406270387,-0.46618317148792077,2.3883426220079627,0.07341192703021858,0.3517161889431792,0,0,0,0,0,1,0,1,0,0,0,0,0,0,0,0,1,0,1,0,1
1,0.7881865333819961,-0.46508427634374117,-0.46618317148792077,-0.6625632269369692,-0.5563385795422586,-0.5490821079184883,1,0,1,0,1,0,0,1,0,0,0,0,0,0,0,0,0,0,1,0,0
3,0.11909389530810277,-0.46508427634374117,-0.46618317148792077,-0.5006695369247195,-0.5563385795422586,-0.5490821079184883,1,0,1,0,1,0,0,0,0,0,0,0,0,0,1,0,0,0,1,0,0
3,-1.5908095131029578,2.3651721745685985,0.7277823612437324,-0.22373242089090317,1.9626634467476503,2.153312782666514,0,0,1,1,0,0,0,0,0,0,0,0,0,0,1,1,0,0,0,0,0
3,-0.2526242369551713,-0.46508427634374117,-0.46618317148792077,-0.27136352261476443,-0.5563385795422586,-0.5490821079184883,1,0,0,0,1,0,0,0,0,0,0,0,0,0,1,0,0,0,1,0,1
2,-0.40131148986048093,1.4217533575978185,-0.46618317148792077,0.8678787300920157,0.7031624336026958,3.0541110795281816,1,0,1,0,1,0,0,0,0,0,0,0,0,0,1,0,1,0,1,0,0
3,-0.5499987427657905,-0.46508427634374117,-0.46618317148792077,-0.5120343698518817,-0.5563385795422586,-0.5490821079184883,1,0,0,0,1,0,0,0,0,0,0,0,0,0,1,0,0,0,1,0,0
2,-1.8881840189135772,0.4783345406270387,0.7277823612437324,-0.18364941725442976,0.7031624336026958,-0.5490821079184883,0,0,1,1,0,0,0,0,0,0,0,0,0,0,1,0,1,0,0,0,1
1,1.15990466564527,-0.46508427634374117,-0.46618317148792077,-0.10973011184690733,-0.5563385795422586,-0.5490821079184883,1,0,1,0,1,0,0,0,0,0,0,0,0,0,1,0,0,0,1,0,1
1,0.9368737862873057,-0.46508427634374117,-0.46618317148792077,4.075039579498675,-0.5563385795422586,2.153312782666514,0,0,0,1,0,0,0,0,0,0,0,0,0,0,1,0,0,0,1,0,1
1,0.19343752176075757,-0.46508427634374117,-0.46618317148792077,-0.02748187061881904,-0.5563385795422586,-0.5490821079184883,1,0,0,0,0,0,1,1,0,0,0,0,0,0,0,0,0,0,1,0,1
3,1.605966424361199,-0.46508427634374117,-0.46618317148792077,-0.4949433935480804,-0.5563385795422586,-0.5490821079184883,1,0,1,0,1,0,0,0,0,0,0,0,0,0,1,0,0,0,1,0,0
3,-1.1075759411607016,0.4783345406270387,-0.46618317148792077,-0.36159296659291,0.07341192703021858,0.3517161889431792,0,0,0,1,0,0,0,0,0,0,0,0,0,0,1,0,1,1,0,0,0
3,-0.17828061050251648,-0.46508427634374117,-0.46618317148792077,-0.5157657330994951,-0.5563385795422586,-0.5490821079184883,1,0,1,0,1,0,0,0,0,0,0,0,0,0,1,0,0,0,1,0,0
3,-0.17828061050251648,0.4783345406270387,-0.46618317148792077,-0.36159296659291,0.07341192703021858,0.3517161889431792,1,0,0,0,1,0,0,0,0,0,0,0,0,0,1,0,1,0,1,0,0
1,0.7881865333819961,-0.46508427634374117,-0.46618317148792077,-0.10973011184690733,-0.5563385795422586,-0.5490821079184883,1,0,1,0,1,0,0,0,1,0,0,0,0,0,0,0,0,0,1,0,0
3,-1.5908095131029578,3.3085909915393783,0.7277823612437324,-0.05611258750201434,2.592413953320128,2.153312782666514,1,1,0,0,0,0,0,0,0,0,0,0,0,0,1,1,0,0,0,0,0
2,0.9368737862873057,0.4783345406270387,-0.46618317148792077,-0.10036005904877071,0.07341192703021858,0.3517161889431792,1,0,1,0,1,0,0,0,0,0,0,0,0,0,1,0,1,0,1,0,0
1,0.7881865333819961,0.4783345406270387,0.7277823612437324,2.138041442728316,0.7031624336026958,0.3517161889431792,0,0,0,0,0,1,0,0,0,0,1,0,0,0,0,0,1,0,1,0,1
3,-1.8138403924609223,3.3085909915393783,1.9217478939753856,-0.009002044266938455,3.222164459892605,2.153312782666514,0,0,1,1,0,0,0,0,0,0,0,0,0,0,1,1,0,0,0,0,1
3,0.04475026885544795,-0.46508427634374117,-0.46618317148792077,-0.49815419830690855,-0.5563385795422586,-0.5490821079184883,1,0,1,0,1,0,0,0,0,0,0,0,0,0,1,0,0,0,1,0,0
3,-0.8473732485764098,-0.46508427634374117,-0.46618317148792077,-0.5011900954135049,-0.5563385795422586,-0.5490821079184883,0,1,0,1,0,0,0,0,0,0,0,0,0,0,1,0,0,1,0,0,1
3,-1.8881840189135772,3.3085909915393783,0.7277823612437324,-0.05611258750201434,2.592413953320128,2.153312782666514,1,1,0,0,0,0,0,0,0,0,0,0,0,0,1,1,0,0,0,0,0
2,-2.123853314768493,0.4783345406270387,0.7277823612437324,-0.2721443603479425,0.7031624336026958,1.2525144858048467,1,0,1,0,0,0,0,0,0,0,0,0,0,0,1,0,1,0,0,0,1
2,-0.10393698404986167,0.4783345406270387,-0.46618317148792077,-0.12118239860018547,0.07341192703021858,-0.5490821079184883,0,0,1,0,0,1,0,0,0,0,0,0,0,0,1,0,1,0,1,0,1
3,-0.6986859956711001,-0.46508427634374117,-0.46618317148792077,-0.5790135894869175,-0.5563385795422586,-0.5490821079184883,1,0,0,0,1,0,0,0,0,0,0,0,0,0,1,0,0,0,1,0,0
3,-0.17828061050251648,-0.46508427634374117,-0.46618317148792077,-0.5121218236779976,-0.5563385795422586,-0.5490821079184883,1,0,0,0,1,0,0,0,0,0,0,0,0,0,1,0,0,0,1,0,0
1,0.7881865333819961,-0.46508427634374117,-0.46618317148792077,-0.023404856534652064,-0.5563385795422586,-0.5490821079184883,1,0,0,0,1,0,0,0,0,0,0,0,0,0,1,0,0,0,1,0,0
3,-0.9217168750290646,-0.46508427634374117,-0.46618317148792077,-0.48218971057283894,-0.5563385795422586,-0.5490821079184883,1,0,1,0,1,0,0,0,0,0,0,0,0,0,1,0,0,1,0,0,0
3,-0.17828061050251648,-0.46508427634374117,-0.46618317148792077,-0.4811485935952681,-0.5563385795422586,-0.5490821079184883,1,0,0,0,1,0,0,0,0,0,0,0,0,0,1,0,0,0,1,0,0
3,-0.029593357597206858,-0.46508427634374117,-0.46618317148792077,-0.5006695369247195,-0.5563385795422586,-0.5490821079184883,1,0,1,0,1,0,0,0,0,0,0,0,0,0,1,0,0,0,1,0,0
3,0.416468401118722,-0.46508427634374117,-0.46618317148792077,-0.5142040576331391,-0.5563385795422586,-0.5490821079184883,1,0,1,0,1,0,0,0,0,0,0,0,0,0,1,0,0,0,1,0,0
3,-1.7394967660082674,3.3085909915393783,1.9217478939753856,-0.01134455746647263,3.222164459892605,3.9549093763898493,0,0,1,1,0,0,0,0,0,0,0,0,0,0,1,1,0,0,0,0,0
3,-0.7730296221237549,-0.46508427634374117,-0.46618317148792077,-0.49849984914346207,-0.5563385795422586,-0.5490821079184883,0,1,0,1,0,0,0,0,0,0,0,0,0,0,1,0,0,0,1,0,1
3,-0.6243423692184453,-0.46508427634374117,-0.46618317148792077,-0.4990204076322475,-0.5563385795422586,-0.5490821079184883,1,0,1,0,1,0,0,0,0,0,0,0,0,0,1,0,0,0,1,0,0
3,-0.6986859956711001,-0.46508427634374117,-0.46618317148792077,-0.4575506361816498,-0.5563385795422586,-0.5490821079184883,1,0,1,0,1,0,0,0,0,0,0,0,0,0,1,0,0,0,1,0,0
2,-1.6651531395556127,-0.46508427634374117,1.9217478939753856,-0.11597681371233177,0.7031624336026958,1.2525144858048467,0,0,1,1,0,0,0,0,0,0,0,0,0,0,1,0,1,0,0,0,1
3,0.7138429069293413,-0.46508427634374117,-0.46618317148792077,-0.4975461859920073,-0.5563385795422586,-0.5490821079184883,1,0,1,0,1,0,0,0,0,0,0,0,0,0,1,0,0,0,1,0,1
3,-0.2526242369551713,0.4783345406270387,-0.46618317148792077,-0.36159296659291,0.07341192703021858,-0.5490821079184883,1,0,0,0,1,0,0,0,0,0,0,0,0,0,1,0,1,0,1,0,0
3,1.15990466564527,-0.46508427634374117,0.7277823612437324,-0.36159296659291,0.07341192703021858,0.3517161889431792,0,0,0,0,0,1,0,0,0,0,0,0,0,0,1,0,1,0,1,0,0
3,0.26778114821341237,0.4783345406270387,0.7277823612437324,-0.2351847076441813,0.7031624336026958,0.3517161889431792,1,0,1,0,1,0,0,0,0,0,0,0,0,0,1,0,1,0,1,0,0
2,-2.0368712718188866,0.4783345406270387,0.7277823612437324,-0.12118239860018547,0.7031624336026958,1.2525144858048467,1,0,1,0,0,0,0,0,0,0,0,1,0,0,0,0,1,0,0,0,1
1,0.7138429069293413,0.4783345406270387,-0.46618317148792077,1.192794680920202,0.07341192703021858,0.3517161889431792,0,0,0,0,0,1,0,0,1,0,0,0,0,0,0,0,1,0,1,0,1
3,-0.2526242369551713,0.4783345406270387,-0.46618317148792077,-0.32732356015919156,0.07341192703021858,0.3517161889431792,0,0,1,0,0,1,0,0,0,0,0,0,0,0,1,0,1,0,1,0,0
3,0.19343752176075757,-0.46508427634374117,-0.46618317148792077,0.5138115038918489,-0.5563385795422586,3.9549093763898493,1,0,1,0,1,0,0,0,0,0,0,0,0,0,1,0,0,0,1,0,1
1,0.416468401118722,-0.46508427634374117,-0.46618317148792077,2.1616394001419343,-0.5563385795422586,1.2525144858048467,0,0,1,1,0,0,0,0,1,0,0,0,0,0,0,0,0,0,1,0,1
3,-0.10393698404986167,0.4783345406270387,0.7277823612437324,-0.3627215373965967,0.7031624336026958,0.3517161889431792,0,0,1,0,0,1,0,0,0,0,0,0,0,0,1,0,1,0,1,0,0
3,0.7138429069293413,0.4783345406270387,5.503644492170345,-0.01134455746647263,3.222164459892605,3.9549093763898493,1,0,1,0,1,0,0,0,0,0,0,0,0,0,1,1,0,0,1,0,0
3,-0.10393698404986167,-0.46508427634374117,-0.46618317148792077,-0.464751001198529,-0.5563385795422586,-0.5490821079184883,1,0,1,0,1,0,0,0,0,0,0,0,0,0,1,0,0,0,1,0,0
1,0.5651556540240317,-0.46508427634374117,0.7277823612437324,-0.04413974225995086,0.07341192703021858,-0.5490821079184883,1,0,0,0,1,0,0,0,1,0,0,0,0,0,0,0,1,0,1,0,0
3,-0.17828061050251648,-0.46508427634374117,-0.46618317148792077,-0.5116012651892122,-0.5563385795422586,-0.5490821079184883,1,0,1,0,1,0,0,0,0,0,0,0,0,0,1,0,0,0,1,0,0
3,-1.8881840189135772,3.3085909915393783,1.9217478939753856,-0.01134455746647263,3.222164459892605,3.9549093763898493,1,0,1,0,0,0,0,0,0,0,0,0,0,0,1,1,0,0,0,0,0
1,-0.47565511631313573,-0.46508427634374117,0.7277823612437324,0.6567048090634326,0.07341192703021858,-0.5490821079184883,1,0,0,0,1,0,0,0,0,1,0,0,0,0,0,0,1,0,1,0,1
3,0.6394992804766865,-0.46508427634374117,-0.46618317148792077,-0.5157657330994951,-0.5563385795422586,-0.5490821079184883,1,0,1,0,1,0,0,0,0,0,0,0,0,0,1,0,0,0,1,0,0
3,-0.3269678634078261,-0.46508427634374117,-0.46618317148792077,-0.5157657330994951,-0.5563385795422586,-0.5490821079184883,1,0,1,0,1,0,0,0,0,0,0,0,0,0,1,0,0,0,1,0,0
2,-0.029593357597206858,-0.46508427634374117,-0.46618317148792077,-0.44392866164711425,-0.5563385795422586,-0.5490821079184883,0,0,1,0,0,1,0,0,0,0,0,1,0,0,0,0,0,0,1,0,1
1,1.8289973037191634,-0.46508427634374117,-0.46618317148792077,0.41733535804827876,-0.5563385795422586,-0.5490821079184883,1,0,1,0,1,0,0,0,0,0,1,0,0,0,0,0,0,0,1,0,0
2,-0.40131148986048093,-0.46508427634374117,1.9217478939753856,-0.36063930344145523,0.7031624336026958,0.3517161889431792,0,0,1,0,0,1,0,0,0,0,0,0,0,0,1,0,1,0,1,0,1
3,-0.10393698404986167,-0.46508427634374117,-0.46618317148792077,-0.49815419830690855,-0.5563385795422586,-0.5490821079184883,1,0,1,0,1,0,0,0,0,0,0,0,0,0,1,0,0,0,1,0,0
3,0.11909389530810277,-0.46508427634374117,1.9217478939753856,-0.1970111125445726,0.7031624336026958,0.3517161889431792,0,0,0,0,0,1,0,0,0,0,0,0,0,0,1,0,1,0,1,0,1
3,-1.144747754387029,-0.46508427634374117,-0.46618317148792077,-0.4990204076322475,-0.5563385795422586,-0.5490821079184883,0,0,1,1,0,0,0,0,0,0,0,0,0,0,1,0,0,1,0,0,0
2,0.8625301598346509,-0.46508427634374117,0.7277823612437324,-0.25652760568438143,0.07341192703021858,0.3517161889431792,0,0,1,0,0,1,0,0,0,0,0,0,0,0,1,0,1,0,1,0,1
3,-0.17828061050251648,-0.46508427634374117,-0.46618317148792077,-0.36063930344145523,-0.5563385795422586,-0.5490821079184883,1,0,1,0,1,0,0,0,0,0,0,0,0,0,1,0,0,0,1,0,0
2,1.5316227979085442,-0.46508427634374117,-0.46618317148792077,-0.44392866164711425,-0.5563385795422586,-0.5490821079184883,0,0,1,1,0,0,0,0,0,0,0,0,0,0,1,0,0,0,1,0,1
3,-0.17828061050251648,-0.46508427634374117,-0.46618317148792077,-0.5120343698518817,-0.5563385795422586,-0.5490821079184883,1,0,0,0,1,0,0,0,0,0,0,0,0,0,1,0,0,0,1,0,0
3,-0.6243423692184453,-0.46508427634374117,-0.46618317148792077,-0.5006695369247195,-0.5563385795422586,-0.5490821079184883,1,0,1,0,1,0,0,0,0,0,0,0,0,0,1,0,0,0,1,0,0
1,-0.5499987427657905,-0.46508427634374117,1.9217478939753856,0.36814258085806145,0.7031624336026958,-0.5490821079184883,0,0,0,1,0,0,0,1,0,0,0,0,0,0,0,0,1,0,1,0,1
3,-0.40131148986048093,-0.46508427634374117,-0.46618317148792077,-0.5064831341274745,-0.5563385795422586,-0.5490821079184883,1,0,1,0,1,0,0,0,0,0,0,0,0,0,1,0,0,0,1,0,0
2,-0.6243423692184453,-0.46508427634374117,-0.46618317148792077,-0.44392866164711425,-0.5563385795422586,-0.5490821079184883,0,0,1,1,0,0,0,0,0,0,0,0,0,0,1,0,0,0,1,0,1
3,1.605966424361199,-0.46508427634374117,-0.46618317148792077,-0.5156782792733793,-0.5563385795422586,-0.5490821079184883,1,0,1,0,1,0,0,0,0,0,0,0,0,0,1,0,0,0,1,0,0
2,-0.40131148986048093,1.4217533575978185,0.7277823612437324,-0.10036005904877071,1.3329129401751731,0.3517161889431792,0,0,1,0,0,1,0,0,0,0,0,0,0,0,1,0,1,0,1,0,1
2,-0.7730296221237549,-0.46508427634374117,-0.46618317148792077,-0.3918728127685774,-0.5563385795422586,-0.5490821079184883,1,0,1,0,1,0,0,0,0,0,0,0,0,0,1,0,0,0,1,0,0
3,-0.5499987427657905,-0.46508427634374117,-0.46618317148792077,-0.4949433935480804,-0.5563385795422586,-0.5490821079184883,1,0,1,0,1,0,0,0,0,0,0,0,0,0,1,0,0,0,1,0,0
1,2.3494026888877473,-0.46508427634374117,-0.46618317148792077,0.03498514803542525,-0.5563385795422586,-0.5490821079184883,1,0,1,0,1,0,0,1,0,0,0,0,0,0,0,0,0,0,0,1,0
3,-0.17828061050251648,-0.46508427634374117,-0.46618317148792077,-0.4949433935480804,-0.5563385795422586,-0.5490821079184883,1,0,1,0,1,0,0,0,0,0,0,0,0,0,1,0,0,0,1,0,0
3,-0.7730296221237549,-0.46508427634374117,-0.46618317148792077,-0.45078337582744,-0.5563385795422586,-0.5490821079184883,1,0,1,0,1,0,0,0,0,0,0,0,0,0,1,0,0,0,1,0,0
3,-0.17828061050251648,-0.46508427634374117,-0.46618317148792077,-0.4949433935480804,-0.5563385795422586,-0.5490821079184883,1,0,1,0,1,0,0,0,0,0,0,0,0,0,1,0,0,0,1,0,0
3,-0.5499987427657905,-0.46508427634374117,-0.46618317148792077,-0.5011900954135049,-0.5563385795422586,-0.5490821079184883,0,1,0,1,0,0,0,0,0,0,0,0,0,0,1,0,0,0,1,0,1
3,-0.10393698404986167,-0.46508427634374117,-0.46618317148792077,-0.1935400285413518,-0.5563385795422586,-0.5490821079184883,1,0,1,0,1,0,0,0,0,0,0,0,0,0,1,0,0,0,1,0,0
2,1.8289973037191634,0.4783345406270387,3.1157134267070385,-0.18364941725442976,1.9626634467476503,-0.5490821079184883,0,0,1,0,0,1,0,0,0,0,0,0,0,0,1,1,0,0,1,0,1
3,0.8625301598346509,-0.46508427634374117,-0.46618317148792077,-0.5142040576331391,-0.5563385795422586,-0.5490821079184883,1,0,1,0,1,0,0,0,0,0,0,0,0,0,1,0,0,0,1,0,0
3,-0.06676517082353427,-0.46508427634374117,-0.46618317148792077,-0.5120343698518817,-0.5563385795422586,-0.5490821079184883,1,0,0,0,1,0,0,0,0,0,0,0,0,0,1,0,0,0,1,0,0
3,-0.17828061050251648,-0.46508427634374117,-0.46618317148792077,-0.49815419830690855,-0.5563385795422586,-0.5490821079184883,1,0,0,0,1,0,0,0,0,0,0,0,0,0,1,0,0,0,1,0,0
2,-0.6243423692184453,0.4783345406270387,-0.46618317148792077,-0.42310632209569954,0.07341192703021858,-0.5490821079184883,1,0,1,0,1,0,0,0,0,0,0,0,0,0,1,0,1,0,1,0,0
2,0.7881865333819961,0.4783345406270387,0.7277823612437324,0.14950801556820642,0.7031624336026958,0.3517161889431792,0,0,1,0,0,1,0,0,0,0,0,0,0,0,1,0,1,0,1,0,1
2,0.4908120275713768,-0.46508427634374117,-0.46618317148792077,-0.44392866164711425,-0.5563385795422586,-0.5490821079184883,1,0,1,0,1,0,0,0,0,0,0,0,0,0,1,0,0,0,1,0,0
2,-0.029593357597206858,0.4783345406270387,-0.46618317148792077,-0.12118239860018547,0.07341192703021858,-0.5490821079184883,0,0,1,0,0,1,0,0,0,0,0,0,0,0,1,0,1,0,1,0,1
3,-1.0704041279343741,0.4783345406270387,-0.46618317148792077,-0.36159296659291,0.07341192703021858,0.3517161889431792,0,0,0,0,0,1,0,0,0,0,0,0,0,0,1,0,1,1,0,0,1
3,0.8253583466083235,-0.46508427634374117,-0.46618317148792077,-0.5011900954135049,-0.5563385795422586,-0.5490821079184883,1,1,0,0,1,0,0,0,0,0,0,0,0,0,1,0,0,0,1,0,0
3,-0.029593357597206858,-0.46508427634374117,-0.46618317148792077,-0.5011900954135049,-0.5563385795422586,-0.5490821079184883,1,1,0,0,1,0,0,0,0,0,0,0,0,0,1,0,0,0,1,0,1
2,0.26778114821341237,-0.46508427634374117,1.9217478939753856,-0.12118239860018547,0.7031624336026958,-0.5490821079184883,0,0,1,0,0,1,0,0,0,0,0,0,0,0,1,0,1,0,1,0,1
3,-0.7730296221237549,-0.46508427634374117,-0.46618317148792077,-0.4949433935480804,-0.5563385795422586,-0.5490821079184883,1,0,1,0,1,0,0,0,0,0,0,0,0,0,1,0,0,0,1,0,0
2,0.416468401118722,-0.46508427634374117,-0.46618317148792077,-0.44392866164711425,-0.5563385795422586,-0.5490821079184883,1,0,1,0,1,0,0,0,0,0,0,0,0,0,1,0,0,0,1,0,0
1,-0.8473732485764098,1.4217533575978185,1.9217478939753856,4.800698112865479,1.9626634467476503,0.3517161889431792,0,0,0,1,0,0,0,1,0,0,0,0,0,0,0,1,0,1,0,0,1
3,-0.8473732485764098,0.4783345406270387,-0.46618317148792077,-0.2919255829217865,0.07341192703021858,-0.5490821079184883,0,0,1,0,0,1,0,0,0,0,0,0,0,0,1,0,1,1,0,0,0
1,0.7881865333819961,-0.46508427634374117,-0.46618317148792077,0.2203039700430166,-0.5563385795422586,-0.5490821079184883,1,0,1,0,1,0,0,0,0,0,0,0,0,0,1,0,0,0,1,0,0
3,-0.17828061050251648,-0.46508427634374117,-0.46618317148792077,-0.5015378284840135,-0.5563385795422586,-0.5490821079184883,1,1,0,0,1,0,0,0,0,0,0,0,0,0,1,0,0,0,1,0,0
3,-0.17828061050251648,-0.46508427634374117,-0.46618317148792077,-0.4949433935480804,-0.5563385795422586,-0.5490821079184883,1,0,1,0,1,0,0,0,0,0,0,0,0,0,1,0,0,0,1,0,0
1,-0.6243423692184453,-0.46508427634374117,0.7277823612437324,0.946743341142999,0.07341192703021858,0.3517161889431792,1,0,1,0,1,0,0,0,0,1,0,0,0,0,0,0,1,0,1,0,0
3,-0.8473732485764098,-0.46508427634374117,-0.46618317148792077,-0.4995409661210328,-0.5563385795422586,-0.5490821079184883,0,1,0,1,0,0,0,0,0,0,0,0,0,0,1,0,0,1,0,0,1
1,0.7138429069293413,0.4783345406270387,0.7277823612437324,1.6462864962444193,0.7031624336026958,1.2525144858048467,0,0,0,0,0,1,0,0,1,0,0,0,0,0,0,0,1,0,1,0,1
3,-0.6986859956711001,-0.46508427634374117,-0.46618317148792077,-0.4990204076322475,-0.5563385795422586,-0.5490821079184883,1,0,1,0,1,0,0,0,0,0,0,0,0,0,1,0,0,0,1,0,0
1,2.1263718095297826,-0.46508427634374117,-0.46618317148792077,-0.04413974225995086,-0.5563385795422586,-0.5490821079184883,1,0,0,0,1,0,0,1,0,0,0,0,0,0,0,0,0,0,1,0,0
1,1.4572791714558895,0.4783345406270387,-0.46618317148792077,0.522835905853432,0.07341192703021858,0.3517161889431792,1,0,0,0,0,0,1,0,0,0,0,0,0,0,0,0,1,0,1,0,1
3,-1.8138403924609223,1.4217533575978185,0.7277823612437324,-0.2615603651539584,1.3329129401751731,1.2525144858048467,0,0,0,1,0,0,0,0,0,0,0,0,0,0,1,0,1,0,0,0,1
1,0.7138429069293413,0.4783345406270387,0.7277823612437324,0.9959361183332165,0.7031624336026958,1.2525144858048467,0,0,1,0,0,1,0,0,0,0,1,0,0,0,0,0,1,0,1,0,1
3,-0.9217168750290646,-0.46508427634374117,-0.46618317148792077,-0.48218971057283894,-0.5563385795422586,-0.5490821079184883,1,0,1,0,1,0,0,0,0,0,0,0,0,0,1,0,0,1,0,0,0
1,2.6467771946983665,-0.46508427634374117,0.7277823612437324,0.6279887205880765,0.07341192703021858,-0.5490821079184883,1,0,0,0,1,0,0,1,0,0,0,0,0,0,0,0,1,0,0,1,0
1,0.7138429069293413,0.4783345406270387,-0.46618317148792077,2.120342454109614,0.07341192703021858,0.3517161889431792,0,0,1,0,0,1,0,0,0,0,0,0,0,0,1,0,1,0,1,0,1
1,0.04475026885544795,-0.46508427634374117,-0.46618317148792077,1.6462864962444193,-0.5563385795422586,1.2525144858048467,0,0,0,1,0,0,0,0,0,0,0,0,0,0,1,0,0,0,1,0,1
3,-0.6243423692184453,-0.46508427634374117,-0.46618317148792077,-0.4949433935480804,-0.5563385795422586,-0.5490821079184883,1,0,1,0,1,0,0,0,0,0,0,0,0,0,1,0,0,0,1,0,0
1,0.11909389530810277,-0.46508427634374117,-0.46618317148792077,0.3888774665833603,-0.5563385795422586,-0.5490821079184883,1,0,1,0,1,0,0,0,0,0,0,0,0,0,0,0,0,0,1,0,0
3,0.19343752176075757,-0.46508427634374117,-0.46618317148792077,-0.4975461859920073,-0.5563385795422586,-0.5490821079184883,1,0,1,0,1,0,0,0,0,0,0,0,0,0,1,0,0,0,1,0,1
2,0.7138429069293413,-0.46508427634374117,-0.46618317148792077,-0.3918728127685774,-0.5563385795422586,-0.5490821079184883,1,0,1,0,1,0,0,0,0,0,0,0,0,0,1,0,0,0,1,0,0
3,-0.6986859956711001,-0.46508427634374117,-0.46618317148792077,-0.4949433935480804,-0.5563385795422586,-0.5490821079184883,1,0,1,0,1,0,0,0,0,0,0,0,0,0,1,0,0,0,1,0,0
2,0.3421247746660672,-0.46508427634374117,-0.46618317148792077,-0.3918728127685774,-0.5563385795422586,-0.5490821079184883,1,0,1,0,1,0,0,0,0,1,0,0,0,0,0,0,0,0,1,0,1
1,1.3085919185505797,-0.46508427634374117,-0.46618317148792077,-0.1297716136651441,-0.5563385795422586,-0.5490821079184883,1,0,1,0,1,0,0,0,0,0,1,0,0,0,0,0,0,0,1,0,0
1,0.4908120275713768,-0.46508427634374117,-0.46618317148792077,-0.1151959759791537,-0.5563385795422586,-0.5490821079184883,1,0,1,0,1,0,0,0,0,0,1,0,0,0,0,0,0,0,1,0,1
3,-0.6243423692184453,-0.46508427634374117,-0.46618317148792077,-0.32732356015919156,-0.5563385795422586,0.3517161889431792,1,0,1,0,1,0,0,0,0,0,0,0,0,0,1,0,0,0,1,0,0
3,-0.17828061050251648,-0.46508427634374117,-0.46618317148792077,-0.4949433935480804,-0.5563385795422586,-0.5490821079184883,1,0,1,0,1,0,0,0,0,0,0,0,0,0,1,0,0,0,1,0,0
3,-0.17828061050251648,-0.46508427634374117,-0.46618317148792077,-0.49815419830690855,-0.5563385795422586,-0.5490821079184883,1,0,1,0,1,0,0,0,0,0,0,0,0,0,1,0,0,0,1,0,0
3,0.04475026885544795,-0.46508427634374117,-0.46618317148792077,-0.48218971057283894,-0.5563385795422586,-0.5490821079184883,0,0,1,1,0,0,0,0,0,0,0,0,0,0,1,0,0,0,1,0,0
3,-0.17828061050251648,-0.46508427634374117,-0.46618317148792077,-0.49815419830690855,-0.5563385795422586,-0.5490821079184883,1,0,1,0,1,0,0,0,0,0,0,0,0,0,1,0,0,0,1,0,0
3,-0.17828061050251648,-0.46508427634374117,-0.46618317148792077,-0.5121218236779976,-0.5563385795422586,-0.5490821079184883,1,0,0,0,1,0,0,0,0,0,0,0,0,0,1,0,0,0,1,0,0
3,0.26778114821341237,-0.46508427634374117,-0.46618317148792077,-0.48236253599111567,-0.5563385795422586,-0.5490821079184883,1,0,1,0,1,0,0,0,0,0,0,0,0,0,1,0,0,0,1,0,0
1,0.04475026885544795,-0.46508427634374117,-0.46618317148792077,0.522835905853432,-0.5563385795422586,0.3517161889431792,0,0,0,1,0,0,0,0,0,0,1,0,0,0,0,0,0,0,1,0,1
2,-2.1112148982715415,1.4217533575978185,0.7277823612437324,0.14950801556820642,1.3329129401751731,0.3517161889431792,1,0,1,0,0,0,0,0,0,0,0,1,0,0,0,0,1,0,0,0,1
3,-0.6986859956711001,-0.46508427634374117,-0.46618317148792077,-0.48218971057283894,-0.5563385795422586,-0.5490821079184883,0,0,1,1,0,0,0,0,0,0,0,0,0,0,1,0,0,0,1,0,0
2,0.3421247746660672,0.4783345406270387,0.7277823612437324,0.014162808484010483,0.7031624336026958,-0.5490821079184883,0,0,1,0,0,1,0,0,0,0,0,0,0,0,1,0,1,0,1,0,1
1,1.15990466564527,-0.46508427634374117,-0.46618317148792077,0.07662982713825477,-0.5563385795422586,-0.5490821079184883,1,0,1,0,1,0,0,0,0,0,0,0,0,1,0,0,0,0,1,0,0
2,0.4908120275713768,-0.46508427634374117,-0.46618317148792077,-0.3918728127685774,-0.5563385795422586,-0.5490821079184883,0,0,1,0,0,1,0,0,0,1,0,0,0,0,0,0,0,0,1,0,1
3,0.7138429069293413,-0.46508427634374117,-0.46618317148792077,-0.4975461859920073,-0.5563385795422586,-0.5490821079184883,1,0,1,0,1,0,0,0,0,0,0,0,0,0,1,0,0,0,1,0,0
3,-0.6986859956711001,0.4783345406270387,0.7277823612437324,-0.3347842044204636,0.7031624336026958,0.3517161889431792,1,0,0,0,1,0,0,0,0,0,0,0,0,0,1,0,1,0,1,0,1
3,0.3792965878923946,-0.46508427634374117,-0.46618317148792077,-0.5285194160747367,-0.5563385795422586,-0.5490821079184883,1,0,0,0,1,0,0,0,0,0,0,0,0,0,1,0,0,0,1,0,0
3,-0.10393698404986167,-0.46508427634374117,-0.46618317148792077,-0.464751001198529,-0.5563385795422586,-0.5490821079184883,1,0,1,0,1,0,0,0,0,0,0,0,0,0,1,0,0,0,1,0,0
3,-0.17828061050251648,1.4217533575978185,-0.46618317148792077,-0.17844383236657607,0.7031624336026958,0.3517161889431792,1,1,0,0,1,0,0,0,0,0,0,0,0,0,1,0,1,0,1,0,1
3,-0.17828061050251648,-0.46508427634374117,-0.46618317148792077,-0.4949433935480804,-0.5563385795422586,-0.5490821079184883,1,0,1,0,1,0,0,0,0,0,0,0,0,0,1,0,0,0,1,0,0
3,-1.4421222601976482,-0.46508427634374117,1.9217478939753856,-0.1597037267703028,0.7031624336026958,0.3517161889431792,0,0,1,1,0,0,0,0,0,0,0,0,0,0,1,0,1,0,0,0,0
3,-1.5164658866503031,0.4783345406270387,0.7277823612437324,-0.3451100026040101,0.7031624336026958,0.3517161889431792,0,0,0,1,0,0,0,0,0,0,0,0,0,0,1,0,1,0,0,0,0
3,-0.17828061050251648,-0.46508427634374117,-0.46618317148792077,-0.49815419830690855,-0.5563385795422586,-0.5490821079184883,1,0,1,0,1,0,0,0,0,0,0,0,0,0,1,0,0,0,1,0,0
3,-0.6615141824447728,-0.46508427634374117,-0.46618317148792077,-0.5116012651892122,-0.5563385795422586,-0.5490821079184883,1,0,1,0,1,0,0,0,0,0,0,0,0,0,1,0,0,0,1,0,0
1,0.7138429069293413,0.4783345406270387,-0.46618317148792077,0.4201984297365983,0.07341192703021858,-0.5490821079184883,0,0,1,0,0,1,0,0,1,0,0,0,0,0,0,0,1,0,1,0,1
1,0.4908120275713768,-0.46508427634374117,-0.46618317148792077,2.1616394001419343,-0.5563385795422586,1.2525144858048467,0,0,0,1,0,0,0,0,1,0,0,0,0,0,0,0,0,0,1,0,1
3,-0.17828061050251648,-0.46508427634374117,-0.46618317148792077,-0.4949433935480804,-0.5563385795422586,-0.5490821079184883,1,0,1,0,1,0,0,0,0,0,0,0,0,0,1,0,0,0,1,0,0
3,-0.17828061050251648,-0.46508427634374117,-0.46618317148792077,-0.5053545633237878,-0.5563385795422586,-0.5490821079184883,1,0,1,0,1,0,0,0,0,0,0,0,0,0,1,0,0,0,1,0,0
3,-0.6986859956711001,-0.46508427634374117,-0.46618317148792077,-0.48218971057283894,-0.5563385795422586,-0.5490821079184883,1,0,1,0,1,0,0,0,0,0,0,0,0,0,1,0,0,0,1,0,0
3,-0.5499987427657905,-0.46508427634374117,-0.46618317148792077,-0.44358092857660564,-0.5563385795422586,-0.5490821079184883,0,0,1,1,0,0,0,0,0,0,0,0,0,0,1,0,0,0,1,0,0
2,0.7138429069293413,-0.46508427634374117,-0.46618317148792077,-0.3918728127685774,-0.5563385795422586,-0.5490821079184883,1,0,1,0,1,0,0,0,0,0,0,0,0,0,1,0,0,0,1,0,0
3,0.5651556540240317,-0.46508427634374117,-0.46618317148792077,-0.4629290464877802,-0.5563385795422586,-0.5490821079184883,0,0,1,1,0,0,0,0,0,0,0,0,0,0,1,0,0,0,1,0,0
2,1.3829355450032346,0.4783345406270387,1.9217478939753856,0.6908888439049902,1.3329129401751731,0.3517161889431792,0,0,1,0,0,1,0,0,0,0,0,0,0,0,1,0,1,0,1,0,1
2,-0.47565511631313573,-0.46508427634374117,-0.46618317148792077,-0.3918728127685774,-0.5563385795422586,-0.5490821079184883,1,0,1,0,1,0,0,0,0,0,0,0,0,0,1,0,0,0,1,0,0
3,-0.8473732485764098,-0.46508427634374117,-0.46618317148792077,-0.5014503746578975,-0.5563385795422586,-0.5490821079184883,0,1,0,1,0,0,0,0,0,0,0,0,0,0,1,0,0,1,0,0,1
2,3.0184953269616406,-0.46508427634374117,-0.46618317148792077,-0.44392866164711425,-0.5563385795422586,-0.5490821079184883,1,0,1,0,1,0,0,0,0,0,0,0,0,0,1,0,0,0,0,1,0
3,0.19343752176075757,0.4783345406270387,0.7277823612437324,-0.33981696389004046,0.7031624336026958,0.3517161889431792,0,1,0,0,0,1,0,0,0,0,0,0,0,0,1,0,1,0,1,0,0
3,-0.9960605014817194,0.4783345406270387,0.7277823612437324,-0.24091085102082035,0.7031624336026958,-0.5490821079184883,1,0,1,0,1,0,0,0,0,0,0,0,0,0,1,0,1,1,0,0,0
2,-0.6243423692184453,-0.46508427634374117,-0.46618317148792077,0.8678787300920157,-0.5563385795422586,3.0541110795281816,1,0,1,0,1,0,0,0,0,0,0,0,0,0,1,0,0,0,1,0,0
3,-0.17828061050251648,-0.46508427634374117,-0.46618317148792077,-0.5116012651892122,-0.5563385795422586,-0.5490821079184883,1,0,1,0,1,0,0,0,0,0,0,0,0,0,1,0,0,0,1,0,0
2,0.9368737862873057,-0.46508427634374117,-0.46618317148792077,-0.3918728127685774,-0.5563385795422586,-0.5490821079184883,1,0,1,0,0,0,1,0,0,0,0,0,0,0,1,0,0,0,1,0,0
3,-0.40131148986048093,-0.46508427634374117,-0.46618317148792077,-0.5002364322620501,-0.5563385795422586,-0.5490821079184883,1,0,1,0,1,0,0,0,0,0,0,0,0,0,1,0,0,0,1,0,0
3,-0.5499987427657905,-0.46508427634374117,-0.46618317148792077,-0.5011900954135049,-0.5563385795422586,-0.5490821079184883,0,0,1,1,0,0,0,0,0,0,0,0,0,0,1,0,0,0,1,0,1
3,0.7881865333819961,-0.46508427634374117,-0.46618317148792077,-0.5121218236779976,-0.5563385795422586,-0.5490821079184883,1,0,0,0,1,0,0,0,0,0,0,0,0,0,1,0,0,0,1,0,0
1,-2.117162388387754,0.4783345406270387,1.9217478939753856,2.493062332079938,1.3329129401751731,1.2525144858048467,1,0,1,0,0,0,0,0,1,0,0,0,0,0,0,0,1,0,0,0,1
3,0.26778114821341237,-0.46508427634374117,-0.46618317148792077,-0.48218971057283894,-0.5563385795422586,-0.5490821079184883,1,0,0,0,1,0,0,0,0,0,0,0,0,0,1,0,0,0,1,0,0
3,-0.8473732485764098,-0.46508427634374117,-0.46618317148792077,-0.5006695369247195,-0.5563385795422586,-0.5490821079184883,1,0,1,0,1,0,0,0,0,0,0,0,0,0,1,0,0,1,0,0,0
3,-0.10393698404986167,-0.46508427634374117,-0.46618317148792077,0.5138115038918489,-0.5563385795422586,3.9549093763898493,1,0,1,0,1,0,0,0,0,0,0,0,0,0,1,0,0,0,1,0,0
2,0.5651556540240317,0.4783345406270387,-0.46618317148792077,-0.12118239860018547,0.07341192703021858,-0.5490821079184883,1,0,1,0,1,0,0,0,0,0,0,0,0,0,1,0,1,0,1,0,0
3,-1.8138403924609223,-0.46508427634374117,-0.46618317148792077,-0.4028045410330702,-0.5563385795422586,0.3517161889431792,0,0,1,1,0,0,0,0,0,0,0,0,0,0,1,0,0,0,0,0,1
3,-1.219091380839684,-0.46508427634374117,-0.46618317148792077,-0.5120343698518817,-0.5563385795422586,-0.5490821079184883,0,0,0,1,0,0,0,0,0,0,0,0,0,0,1,0,0,1,0,0,1
2,-0.17828061050251648,-0.46508427634374117,-0.46618317148792077,-0.12118239860018547,-0.5563385795422586,-0.5490821079184883,1,0,1,0,1,0,0,0,0,0,0,0,0,0,1,0,0,0,1,0,0
2,0.6394992804766865,-0.46508427634374117,-0.46618317148792077,-0.3918728127685774,-0.5563385795422586,-0.5490821079184883,0,0,1,1,0,0,0,0,0,0,0,0,0,0,1,0,0,0,1,0,0
3,0.9368737862873057,-0.46508427634374117,-0.46618317148792077,-0.5053545633237878,-0.5563385795422586,-0.5490821079184883,1,0,1,0,1,0,0,0,0,0,0,0,0,0,1,0,0,0,1,0,0
3,-1.962527645366232,0.4783345406270387,0.7277823612437324,-0.3314880280694745,0.7031624336026958,-0.5490821079184883,1,0,1,0,0,0,0,0,0,0,0,0,0,0,1,0,1,0,0,0,1
2,-0.10393698404986167,-0.46508427634374117,-0.46618317148792077,-0.3991606316115725,-0.5563385795422586,-0.5490821079184883,0,0,1,0,0,1,0,0,0,0,0,0,0,0,1,0,0,0,1,0,1
1,1.5316227979085442,-0.46508427634374117,0.7277823612437324,4.491398916700854,0.07341192703021858,0.3517161889431792,0,0,0,0,0,1,0,1,0,0,0,0,0,0,0,0,1,0,1,0,1
1,1.605966424361199,-0.46508427634374117,-0.46618317148792077,-0.10973011184690733,-0.5563385795422586,-0.5490821079184883,1,0,1,0,1,0,0,0,0,0,1,0,0,0,0,0,0,0,1,0,1
3,-0.17828061050251648,-0.46508427634374117,-0.46618317148792077,-0.5120343698518817,-0.5563385795422586,-0.5490821079184883,1,0,0,0,1,0,0,0,0,0,0,0,0,0,1,0,0,0,1,0,0
1,-0.2526242369551713,-0.46508427634374117,-0.46618317148792077,0.9792782466920845,-0.5563385795422586,0.3517161889431792,0,0,1,1,0,0,0,0,0,0,0,0,0,0,1,0,0,0,1,0,1
3,-0.17828061050251648,-0.46508427634374117,-0.46618317148792077,-0.49815419830690855,-0.5563385795422586,-0.5490821079184883,1,0,1,0,1,0,0,0,0,0,0,0,0,0,1,0,0,0,1,0,0
1,-0.40131148986048093,-0.46508427634374117,-0.46618317148792077,0.3682300346841773,-0.5563385795422586,-0.5490821079184883,0,0,0,1,0,0,0,0,1,0,0,0,0,0,0,0,0,0,1,0,1
1,0.9368737862873057,0.4783345406270387,-0.46618317148792077,0.43173817031599243,0.07341192703021858,-0.5490821079184883,1,0,1,0,1,0,0,0,0,1,0,0,0,0,0,0,1,0,1,0,1
1,0.9368737862873057,-0.46508427634374117,-0.46618317148792077,-0.1151959759791537,-0.5563385795422586,-0.5490821079184883,1,0,1,0,1,0,0,0,0,0,1,0,0,0,0,0,0,0,1,0,1
3,-0.17828061050251648,-0.46508427634374117,-0.46618317148792077,-0.49815419830690855,-0.5563385795422586,-0.5490821079184883,1,0,1,0,1,0,0,0,0,0,0,0,0,0,1,0,0,0,1,0,0
2,0.4908120275713768,0.4783345406270387,1.9217478939753856,-0.08474330438520963,1.3329129401751731,0.3517161889431792,1,0,1,0,1,0,0,0,0,0,0,0,0,0,1,0,1,0,1,0,0
1,-0.7730296221237549,-0.46508427634374117,1.9217478939753856,-0.11528342980526965,0.7031624336026958,-0.5490821079184883,0,0,1,1,0,0,0,0,0,1,0,0,0,0,0,0,1,0,1,0,1
3,-0.8473732485764098,7.082266259422497,1.9217478939753856,0.7856304888639273,5.741166486182514,3.0541110795281816,0,0,1,1,0,0,0,0,0,0,0,0,0,0,1,1,0,1,0,0,0
1,2.6467771946983665,-0.46508427634374117,-0.46618317148792077,-0.10973011184690733,-0.5563385795422586,-0.5490821079184883,1,0,1,0,1,0,0,0,0,0,1,0,0,0,0,0,0,0,0,1,0
3,-1.0704041279343741,-0.46508427634374117,-0.46618317148792077,-0.49537649821074986,-0.5563385795422586,-0.5490821079184883,0,1,0,1,0,0,0,0,0,0,0,0,0,0,1,0,0,1,0,0,1
3,0.11909389530810277,-0.46508427634374117,-0.46618317148792077,-0.5121218236779976,-0.5563385795422586,-0.5490821079184883,0,0,0,0,0,1,0,0,0,0,0,0,0,0,1,0,0,0,1,0,1
1,1.234248292097925,-0.46508427634374117,-0.46618317148792077,0.9865660655350799,-0.5563385795422586,0.3517161889431792,1,0,0,0,1,0,0,1,0,0,0,0,0,0,0,0,0,0,1,0,0
1,-0.10393698404986167,-0.46508427634374117,-0.46618317148792077,0.31816896593466604,-0.5563385795422586,-0.5490821079184883,1,0,1,0,1,0,0,0,0,0,0,0,0,0,1,0,0,0,1,0,0
2,1.5316227979085442,-0.46508427634374117,0.7277823612437324,-0.12118239860018547,0.07341192703021858,-0.5490821079184883,0,0,1,0,0,1,0,0,0,0,0,0,0,0,1,0,1,0,1,0,1
1,-0.7730296221237549,0.4783345406270387,-0.46618317148792077,1.233918801534246,0.07341192703021858,-0.5490821079184883,0,0,0,0,0,1,0,1,0,0,0,0,0,0,0,0,1,0,1,0,1
3,-0.8473732485764098,0.4783345406270387,-0.46618317148792077,-0.1597037267703028,0.07341192703021858,1.2525144858048467,0,1,0,1,0,0,0,0,0,0,0,0,0,0,1,0,1,1,0,0,1
1,-0.3269678634078261,0.4783345406270387,-0.46618317148792077,0.4918626757707025,0.07341192703021858,-0.5490821079184883,1,0,0,0,1,0,0,0,0,0,1,0,0,0,0,0,1,0,1,0,1
1,2.423746315340402,-0.46508427634374117,-0.46618317148792077,1.0032239371762115,-0.5563385795422586,0.3517161889431792,0,0,1,0,0,1,0,1,0,0,0,0,0,0,0,0,0,0,0,1,1
1,-0.17828061050251648,0.4783345406270387,-0.46618317148792077,0.4431030032431546,0.07341192703021858,0.3517161889431792,1,0,1,0,1,0,0,0,0,0,1,0,0,0,0,0,1,0,1,0,1
1,0.416468401118722,0.4783345406270387,-0.46618317148792077,1.2114473326903592,0.07341192703021858,0.3517161889431792,0,0,1,0,0,1,0,0,1,0,0,0,0,0,0,0,1,0,1,0,1
3,-0.17828061050251648,-0.46508427634374117,-0.46618317148792077,-0.3481458997106064,-0.5563385795422586,-0.5490821079184883,1,0,1,0,1,0,0,0,0,0,0,0,0,0,1,0,0,0,1,0,0
3,0.9368737862873057,-0.46508427634374117,-0.46618317148792077,-0.5032723293686463,-0.5563385795422586,-0.5490821079184883,1,0,1,0,1,0,0,0,0,0,0,1,0,0,0,0,0,0,1,0,0
3,-0.17828061050251648,-0.46508427634374117,-0.46618317148792077,-0.49815419830690855,-0.5563385795422586,-0.5490821079184883,1,0,0,0,1,0,0,0,0,0,0,0,0,0,1,0,0,0,1,0,0
1,0.7138429069293413,0.4783345406270387,-0.46618317148792077,0.41733535804827876,0.07341192703021858,-0.5490821079184883,0,0,1,0,0,1,0,0,0,1,0,0,0,0,0,0,1,0,1,0,1
3,-0.40131148986048093,-0.46508427634374117,-0.46618317148792077,-0.5157657330994951,-0.5563385795422586,-0.5490821079184883,1,0,1,0,1,0,0,0,0,0,0,0,0,0,1,0,0,0,1,0,0
3,-0.40131148986048093,-0.46508427634374117,-0.46618317148792077,-0.5138563245626304,-0.5563385795422586,-0.5490821079184883,1,0,1,0,1,0,0,0,0,0,0,0,0,0,1,0,0,0,1,0,1
2,-1.8881840189135772,1.4217533575978185,0.7277823612437324,0.14950801556820642,1.3329129401751731,0.3517161889431792,0,0,1,1,0,0,0,0,0,0,0,1,0,0,0,0,1,0,0,0,1
2,-0.10393698404986167,-0.46508427634374117,-0.46618317148792077,-0.3918728127685774,-0.5563385795422586,-0.5490821079184883,0,0,1,1,0,0,0,0,0,0,0,0,0,0,1,0,0,0,1,0,1
2,-0.8473732485764098,-0.46508427634374117,-0.46618317148792077,0.8678787300920157,-0.5563385795422586,3.0541110795281816,1,0,1,0,1,0,0,0,0,0,0,0,0,0,1,0,0,1,0,0,0
3,-0.17828061050251648,-0.46508427634374117,1.9217478939753856,-0.4307418740092033,0.7031624336026958,0.3517161889431792,0,0,1,0,0,1,0,0,0,0,0,0,0,0,1,0,1,0,1,0,1
1,1.4572791714558895,-0.46508427634374117,-0.46618317148792077,0.16200141929905532,-0.5563385795422586,-0.5490821079184883,1,0,0,0,0,0,1,0,0,0,0,0,0,0,1,0,0,0,1,0,0
3,-1.144747754387029,4.252009808510158,1.9217478939753856,0.314004498024383,3.851914966465082,2.153312782666514,1,0,1,0,1,0,0,0,0,0,0,0,0,0,1,1,0,1,0,0,0
2,-0.10393698404986167,0.4783345406270387,-0.46618317148792077,-0.162827077703015,0.07341192703021858,0.3517161889431792,0,0,0,0,0,1,0,0,0,0,0,0,0,0,1,0,1,0,1,0,1
3,-0.5499987427657905,-0.46508427634374117,-0.46618317148792077,-0.4678743521312413,-0.5563385795422586,-0.5490821079184883,1,0,1,0,1,0,0,0,0,0,0,0,0,0,1,0,0,0,1,0,0
1,0.5651556540240317,0.4783345406270387,0.7277823612437324,0.43173817031599243,0.7031624336026958,0.3517161889431792,1,0,1,0,1,0,0,0,0,1,0,0,0,0,0,0,1,0,1,0,1
3,1.3085919185505797,-0.46508427634374117,-0.46618317148792077,-0.5116012651892122,-0.5563385795422586,-0.5490821079184883,1,0,1,0,1,0,0,0,0,0,0,0,0,0,1,0,0,0,1,0,0
3,-0.17828061050251648,-0.46508427634374117,-0.46618317148792077,-0.36063930344145523,-0.5563385795422586,0.3517161889431792,1,0,1,0,1,0,0,0,0,0,0,0,0,0,1,0,0,0,1,0,0
2,-0.10393698404986167,-0.46508427634374117,-0.46618317148792077,-0.3918728127685774,-0.5563385795422586,-0.5490821079184883,1,0,1,0,1,0,0,0,0,0,0,0,0,0,1,0,0,0,1,0,0
3,0.4908120275713768,0.4783345406270387,0.7277823612437324,-0.1597037267703028,0.7031624336026958,0.3517161889431792,1,0,1,0,1,0,0,0,0,0,0,0,0,0,1,0,1,0,1,0,0
3,-0.6986859956711001,-0.46508427634374117,-0.46618317148792077,-0.5120343698518817,-0.5563385795422586,-0.5490821079184883,1,0,0,0,1,0,0,0,0,0,0,0,0,0,1,0,0,0,1,0,1
2,1.9033409301718183,-0.46508427634374117,-0.46618317148792077,-0.3294057941143331,-0.5563385795422586,-0.5490821079184883,0,0,1,0,0,1,0,0,0,0,0,0,0,0,1,0,0,0,1,0,1
3,-0.8473732485764098,2.3651721745685985,0.7277823612437324,-0.13228695228295498,1.9626634467476503,1.2525144858048467,0,0,1,1,0,0,0,0,0,0,0,0,0,0,1,1,0,1,0,0,0
3,-0.5499987427657905,-0.46508427634374117,-0.46618317148792077,-0.5142040576331391,-0.5563385795422586,-0.5490821079184883,1,0,1,0,1,0,0,0,0,0,0,0,0,0,1,0,0,0,1,0,0
2,2.0520281830771276,-0.46508427634374117,-0.46618317148792077,-0.44392866164711425,-0.5563385795422586,-0.5490821079184883,0,0,1,0,0,1,0,0,0,0,1,0,0,0,0,0,0,0,1,0,0
3,-0.029593357597206858,0.4783345406270387,-0.46618317148792077,-0.5158531869256111,0.07341192703021858,-0.5490821079184883,1,0,1,0,1,0,0,0,0,0,0,0,0,0,1,0,1,0,1,0,0
3,-0.2526242369551713,1.4217533575978185,-0.46618317148792077,-0.48218971057283894,0.7031624336026958,-0.5490821079184883,1,0,1,0,1,0,0,0,0,0,0,0,0,0,1,0,1,0,1,0,0
3,-0.17828061050251648,-0.46508427634374117,-0.46618317148792077,-0.4949433935480804,-0.5563385795422586,-0.5490821079184883,1,0,1,0,1,0,0,0,0,0,0,0,0,0,1,0,0,0,1,0,0
1,0.7138429069293413,0.4783345406270387,-0.46618317148792077,0.5014055539871158,0.07341192703021858,0.3517161889431792,0,0,1,0,0,1,0,0,0,0,1,0,0,0,0,0,1,0,1,0,1
3,0.19343752176075757,-0.46508427634374117,-0.46618317148792077,-0.49815419830690855,-0.5563385795422586,-0.5490821079184883,1,0,1,0,1,0,0,0,0,0,0,0,0,0,1,0,0,0,1,0,0
3,0.04475026885544795,-0.46508427634374117,-0.46618317148792077,-0.4028045410330702,-0.5563385795422586,0.3517161889431792,0,0,1,1,0,0,0,0,0,0,0,0,0,0,1,0,0,0,1,0,1
1,0.6394992804766865,-0.46508427634374117,-0.46618317148792077,1.0032239371762115,-0.5563385795422586,0.3517161889431792,0,0,1,1,0,0,0,1,0,0,0,0,0,0,0,0,0,0,1,0,1
3,-0.17828061050251648,-0.46508427634374117,-0.46618317148792077,-0.49815419830690855,-0.5563385795422586,-0.5490821079184883,1,0,1,0,1,0,0,0,0,0,0,0,0,0,1,0,0,0,1,0,0
3,-0.8473732485764098,-0.46508427634374117,-0.46618317148792077,-0.5064831341274745,-0.5563385795422586,-0.5490821079184883,0,0,1,1,0,0,0,0,0,0,0,0,0,0,1,0,0,1,0,0,1
2,-0.40131148986048093,0.4783345406270387,1.9217478939753856,0.6908888439049902,1.3329129401751731,0.3517161889431792,0,0,1,1,0,0,0,0,0,0,0,0,0,0,1,0,1,0,1,0,1
3,-1.8881840189135772,0.4783345406270387,0.7277823612437324,-0.3148301564283428,0.7031624336026958,0.3517161889431792,0,0,1,1,0,0,0,0,0,0,0,0,1,0,0,0,1,0,0,0,1
3,-0.5499987427657905,-0.46508427634374117,-0.46618317148792077,-0.5116012651892122,-0.5563385795422586,-0.5490821079184883,0,0,1,1,0,0,0,0,0,0,0,0,0,0,1,0,0,0,1,0,1
3,-0.8473732485764098,-0.46508427634374117,-0.46618317148792077,-0.49849984914346207,-0.5563385795422586,-0.5490821079184883,0,1,0,1,0,0,0,0,0,0,0,0,0,0,1,0,0,1,0,0,1
2,-0.47565511631313573,-0.46508427634374117,-0.46618317148792077,-0.44392866164711425,-0.5563385795422586,-0.5490821079184883,1,0,1,0,0,0,1,0,0,0,0,0,0,0,1,0,0,0,1,0,0
3,-0.8473732485764098,-0.46508427634374117,-0.46618317148792077,-0.5002364322620501,-0.5563385795422586,-0.5490821079184883,1,0,1,0,1,0,0,0,0,0,0,0,0,0,1,0,0,1,0,0,0
1,0.7881865333819961,-0.46508427634374117,-0.46618317148792077,-0.017070700843111658,-0.5563385795422586,0.3517161889431792,1,0,1,0,1,0,0,0,0,0,0,0,0,0,1,0,0,0,1,0,0
3,0.26778114821341237,-0.46508427634374117,-0.46618317148792077,-0.49815419830690855,-0.5563385795422586,-0.5490821079184883,1,0,1,0,1,0,0,0,0,0,0,0,0,0,1,0,0,0,1,0,0
2,-1.5908095131029578,-0.46508427634374117,1.9217478939753856,-0.11597681371233177,0.7031624336026958,0.3517161889431792,0,0,1,1,0,0,0,0,0,0,0,0,0,0,1,0,1,0,0,0,1
3,-0.5499987427657905,0.4783345406270387,-0.46618317148792077,-0.5116012651892122,0.07341192703021858,-0.5490821079184883,1,0,1,0,1,0,0,0,0,0,0,0,0,0,1,0,1,0,1,0,0
1,0.4908120275713768,-0.46508427634374117,-0.46618317148792077,-0.11311374202401227,-0.5563385795422586,-0.5490821079184883,1,0,1,0,1,0,0,0,0,0,1,0,0,0,0,0,0,0,1,0,1
2,-0.3269678634078261,-0.46508427634374117,-0.46618317148792077,-0.3918728127685774,-0.5563385795422586,-0.5490821079184883,1,0,1,0,1,0,0,0,0,0,0,0,0,0,1,0,0,0,1,0,0
3,-0.7730296221237549,-0.46508427634374117,-0.46618317148792077,-0.4949433935480804,-0.5563385795422586,-0.5490821079184883,1,0,1,0,1,0,0,0,0,0,0,0,0,0,1,0,0,0,1,0,1
3,-0.8473732485764098,0.4783345406270387,1.9217478939753856,-0.17427936445629313,1.3329129401751731,0.3517161889431792,0,0,1,1,0,0,0,0,0,0,0,0,0,0,1,0,1,1,0,0,0
1,0.4908120275713768,0.4783345406270387,1.9217478939753856,1.836117519232802,1.3329129401751731,0.3517161889431792,1,0,1,0,1,0,0,1,0,0,0,0,0,0,0,0,1,0,1,0,1
2,-0.47565511631313573,1.4217533575978185,0.7277823612437324,-0.42310632209569954,1.3329129401751731,-0.5490821079184883,1,0,1,0,1,0,0,0,0,0,0,0,0,0,1,0,1,0,1,0,0
3,-0.029593357597206858,-0.46508427634374117,4.309678959438692,-0.22373242089090317,1.9626634467476503,2.153312782666514,0,0,1,0,0,1,0,0,0,0,0,0,0,0,1,1,0,0,1,0,0
3,-2.1112148982715415,0.4783345406270387,0.7277823612437324,-0.4307418740092033,0.7031624336026958,0.3517161889431792,0,0,1,1,0,0,0,0,0,0,0,0,0,0,1,0,1,0,0,0,1
3,0.416468401118722,-0.46508427634374117,-0.46618317148792077,-0.49815419830690855,-0.5563385795422586,-0.5490821079184883,1,0,0,0,1,0,0,0,0,0,0,0,0,0,1,0,0,0,1,0,0
2,-0.029593357597206858,0.4783345406270387,-0.46618317148792077,-0.22529409635725928,0.07341192703021858,0.3517161889431792,1,0,1,0,1,0,0,0,0,0,0,0,0,0,1,0,1,0,1,0,0
2,1.0855610391926154,0.4783345406270387,-0.46618317148792077,-0.12118239860018547,0.07341192703021858,-0.5490821079184883,1,0,1,0,1,0,0,0,0,0,0,0,0,0,1,0,1,0,1,0,0
1,0.4908120275713768,0.4783345406270387,-0.46618317148792077,0.9792782466920845,0.07341192703021858,0.3517161889431792,1,0,1,0,1,0,0,0,1,0,0,0,0,0,0,0,1,0,1,0,0
3,-0.17828061050251648,-0.46508427634374117,-0.46618317148792077,-0.49815419830690855,-0.5563385795422586,-0.5490821079184883,1,0,1,0,1,0,0,0,0,0,0,0,0,0,1,0,0,0,1,0,0
3,-0.17828061050251648,-0.46508427634374117,-0.46618317148792077,-0.5178479670546366,-0.5563385795422586,-0.5490821079184883,1,1,0,0,1,0,0,0,0,0,0,0,0,0,1,0,0,0,1,0,0
3,-0.6243423692184453,-0.46508427634374117,-0.46618317148792077,-0.5002364322620501,-0.5563385795422586,-0.5490821079184883,1,0,1,0,1,0,0,0,0,0,0,0,0,0,1,0,0,0,1,0,1
3,-0.9960605014817194,-0.46508427634374117,-0.46618317148792077,-0.464751001198529,-0.5563385795422586,-0.5490821079184883,1,0,1,0,1,0,0,0,0,0,0,0,0,0,1,0,0,1,0,0,0
2,-1.7394967660082674,-0.46508427634374117,0.7277823612437324,0.024573978259717865,0.07341192703021858,0.3517161889431792,0,0,1,1,0,0,0,0,0,0,0,0,0,0,1,0,1,0,0,0,1
3,0.19343752176075757,-0.46508427634374117,-0.46618317148792077,-0.4949433935480804,-0.5563385795422586,-0.5490821079184883,1,0,1,0,1,0,0,0,0,0,1,0,0,0,0,0,0,0,1,0,1
1,0.6394992804766865,-0.46508427634374117,-0.46618317148792077,-0.6625632269369692,-0.5563385795422586,-0.5490821079184883,1,0,1,0,0,0,1,0,0,0,0,0,0,0,1,0,0,0,1,0,0
2,-0.2526242369551713,0.4783345406270387,0.7277823612437324,-0.12118239860018547,0.7031624336026958,-0.5490821079184883,0,0,1,0,0,1,0,0,0,0,0,0,0,0,1,0,1,0,1,0,0
1,1.8289973037191634,0.4783345406270387,-0.46618317148792077,0.9671325760317444,0.07341192703021858,0.3517161889431792,0,0,0,1,0,0,0,0,0,1,0,0,0,0,0,0,1,0,1,0,1
1,0.7881865333819961,-0.46508427634374117,-0.46618317148792077,0.37855375063376884,-0.5563385795422586,-0.5490821079184883,1,0,1,0,1,0,0,0,0,0,0,0,0,0,0,0,0,0,1,0,0
1,0.7881865333819961,-0.46508427634374117,-0.46618317148792077,-0.08535131670011094,-0.5563385795422586,-0.5490821079184883,1,0,0,0,0,0,1,0,0,0,0,0,0,0,1,0,0,0,1,0,0
2,0.9368737862873057,-0.46508427634374117,-0.46618317148792077,-0.3918728127685774,-0.5563385795422586,-0.5490821079184883,1,0,1,0,1,0,0,0,0,0,0,0,0,0,1,0,0,0,1,0,1
3,-0.10393698404986167,-0.46508427634374117,-0.46618317148792077,-0.4990204076322475,-0.5563385795422586,-0.5490821079184883,1,0,1,0,1,0,0,0,0,0,0,0,0,0,1,0,0,0,1,0,0
1,0.416468401118722,0.4783345406270387,-0.46618317148792077,0.4431030032431546,0.07341192703021858,-0.5490821079184883,0,0,1,0,0,1,0,0,1,0,0,0,0,0,0,0,1,0,1,0,1
3,-0.8473732485764098,0.4783345406270387,-0.46618317148792077,-0.5273054736788892,0.07341192703021858,-0.5490821079184883,1,0,1,0,1,0,0,0,0,0,0,0,0,0,1,0,1,1,0,0,0
3,-0.8473732485764098,-0.46508427634374117,-0.46618317148792077,-0.48973780866022676,-0.5563385795422586,-0.5490821079184883,1,0,1,0,1,0,0,0,0,0,0,0,0,0,1,0,0,1,0,0,0
3,-1.5164658866503031,3.3085909915393783,1.9217478939753856,-0.009002044266938455,3.222164459892605,2.153312782666514,1,0,1,0,0,0,0,0,0,0,0,0,0,0,1,1,0,0,0,0,0
3,0.4908120275713768,-0.46508427634374117,-0.46618317148792077,-0.49815419830690855,-0.5563385795422586,-0.5490821079184883,1,0,1,0,1,0,0,0,0,0,0,0,0,0,1,0,0,0,1,0,0
3,-2.0368712718188866,2.3651721745685985,1.9217478939753856,-0.08161995345249745,2.592413953320128,3.0541110795281816,0,0,1,1,0,0,0,0,0,0,0,0,0,0,1,1,0,0,0,0,0
3,-0.3269678634078261,-0.46508427634374117,-0.46618317148792077,-0.5157657330994951,-0.5563385795422586,-0.5490821079184883,1,0,1,0,1,0,0,0,0,0,0,0,0,0,1,0,0,0,1,0,0
2,1.8289973037191634,-0.46508427634374117,-0.46618317148792077,-0.12118239860018547,-0.5563385795422586,-0.5490821079184883,1,0,1,0,1,0,0,0,0,0,0,0,0,0,1,0,0,0,1,0,0
3,-1.5164658866503031,1.4217533575978185,1.9217478939753856,0.053204695142913164,1.9626634467476503,2.153312782666514,0,0,1,1,0,0,0,0,0,0,0,0,0,0,1,1,0,0,0,0,0
1,3.761931591488189,-0.46508427634374117,-0.46618317148792077,-0.03789304039452642,-0.5563385795422586,-0.5490821079184883,1,0,1,0,1,0,0,0,0,0,0,0,0,0,0,0,0,0,0,1,1
1,0.7881865333819961,-0.46508427634374117,-0.46618317148792077,2.5328850564720184,-0.5563385795422586,1.2525144858048467,0,0,1,1,0,0,0,0,1,0,0,0,0,0,0,0,0,0,1,0,1
1,0.8625301598346509,-0.46508427634374117,-0.46618317148792077,2.138041442728316,-0.5563385795422586,0.3517161889431792,0,0,0,1,0,0,0,0,0,0,1,0,0,0,0,0,0,0,1,0,1
2,-0.40131148986048093,0.4783345406270387,-0.46618317148792077,-0.12118239860018547,0.07341192703021858,-0.5490821079184883,0,0,1,0,0,1,0,0,0,0,0,0,0,0,1,0,1,0,1,0,1
3,-0.5499987427657905,-0.46508427634374117,-0.46618317148792077,-0.4751621709742364,-0.5563385795422586,-0.5490821079184883,1,0,1,0,1,0,0,0,0,0,0,0,0,0,1,0,0,0,1,0,0
1,-0.9217168750290646,0.4783345406270387,-0.46618317148792077,0.5243101274936721,0.07341192703021858,-0.5490821079184883,0,0,1,0,0,1,0,1,0,0,0,0,0,0,0,0,1,1,0,0,1
3,1.15990466564527,0.4783345406270387,4.309678959438692,-0.08161995345249745,2.592413953320128,3.0541110795281816,0,0,1,0,0,1,0,0,0,0,0,0,0,0,1,1,0,0,1,0,0
3,-0.6986859956711001,-0.46508427634374117,-0.46618317148792077,-0.5157657330994951,-0.5563385795422586,-0.5490821079184883,1,0,1,0,1,0,0,0,0,0,0,0,0,0,1,0,0,0,1,0,0
1,1.6803100508138538,0.4783345406270387,-0.46618317148792077,0.9671325760317444,0.07341192703021858,0.3517161889431792,0,0,0,0,0,1,0,0,0,1,0,0,0,0,0,0,1,0,1,0,1
3,0.416468401118722,-0.46508427634374117,-0.46618317148792077,-0.5157657330994951,-0.5563385795422586,-0.5490821079184883,1,0,1,0,1,0,0,0,0,0,0,0,0,0,1,0,0,0,1,0,0
3,0.04475026885544795,-0.46508427634374117,-0.46618317148792077,-0.5120343698518817,-0.5563385795422586,-0.5490821079184883,1,0,0,0,1,0,0,0,0,0,0,0,0,0,1,0,0,0,1,0,0
3,-0.17828061050251648,1.4217533575978185,-0.46618317148792077,-0.21115156333393834,0.7031624336026958,-0.5490821079184883,1,0,0,0,1,0,0,0,0,0,0,0,0,0,1,0,1,0,1,0,0
1,0.6394992804766865,0.4783345406270387,-0.46618317148792077,1.2114473326903592,0.07341192703021858,0.3517161889431792,1,0,1,0,1,0,0,0,1,0,0,0,0,0,0,0,1,0,1,0,1
3,-0.8473732485764098,0.4783345406270387,-0.46618317148792077,-0.36159296659291,0.07341192703021858,0.3517161889431792,0,0,0,1,0,0,0,0,0,0,0,0,0,0,1,0,1,1,0,0,0
1,0.7138429069293413,-0.46508427634374117,-0.46618317148792077,-0.6625632269369692,-0.5563385795422586,-0.5490821079184883,1,0,1,0,1,0,0,0,0,0,0,0,0,0,0,0,0,0,1,0,0
1,0.11909389530810277,0.4783345406270387,-0.46618317148792077,1.696087285749538,0.07341192703021858,0.3517161889431792,0,0,0,1,0,0,0,0,0,1,0,0,0,0,0,0,1,0,1,0,1
3,-0.5499987427657905,-0.46508427634374117,-0.46618317148792077,-0.5059625756386891,-0.5563385795422586,-0.5490821079184883,1,0,1,0,1,0,0,0,0,0,0,0,0,0,1,0,0,0,1,0,0
3,-0.6986859956711001,-0.46508427634374117,-0.46618317148792077,-0.4975461859920073,-0.5563385795422586,-0.5490821079184883,1,0,1,0,1,0,0,0,0,0,0,0,0,0,1,0,0,0,1,0,0
1,-0.5499987427657905,-0.46508427634374117,-0.46618317148792077,2.493062332079938,-0.5563385795422586,1.2525144858048467,0,0,1,1,0,0,0,0,0,0,0,0,0,0,1,0,0,0,1,0,1
3,-0.2526242369551713,-0.46508427634374117,-0.46618317148792077,-0.4990204076322475,-0.5563385795422586,-0.5490821079184883,0,0,1,1,0,0,0,0,0,0,0,0,0,0,1,0,0,0,1,0,1
3,-1.0704041279343741,-0.46508427634374117,-0.46618317148792077,-0.5121218236779976,-0.5563385795422586,-0.5490821079184883,0,0,0,1,0,0,0,0,0,0,0,0,0,0,1,0,0,1,0,0,1
3,0.19343752176075757,0.4783345406270387,-0.46618317148792077,-0.3325291450470453,0.07341192703021858,0.3517161889431792,1,0,1,0,1,0,0,0,0,0,0,0,0,0,1,0,1,0,1,0,0
1,0.04475026885544795,-0.46508427634374117,-0.46618317148792077,1.1385691442604076,-0.5563385795422586,-0.5490821079184883,0,0,1,1,0,0,0,1,0,0,0,0,0,0,0,0,0,0,1,0,1
2,0.3421247746660672,-0.46508427634374117,0.7277823612437324,-0.18364941725442976,0.07341192703021858,0.3517161889431792,0,0,1,0,0,1,0,0,0,0,0,0,0,0,1,0,1,0,1,0,1
3,-0.8473732485764098,-0.46508427634374117,-0.46618317148792077,-0.5011900954135049,-0.5563385795422586,-0.5490821079184883,0,1,0,1,0,0,0,0,0,0,0,0,0,0,1,0,0,1,0,0,1
3,-2.1112148982715415,0.4783345406270387,1.9217478939753856,-0.23414359066661056,1.3329129401751731,0.3517161889431792,1,0,1,0,0,0,0,0,0,0,0,0,0,0,1,0,1,0,0,0,1
2,-0.10393698404986167,-0.46508427634374117,-0.46618317148792077,-0.38146164299287,-0.5563385795422586,-0.5490821079184883,1,0,1,0,1,0,0,0,0,0,0,0,0,0,1,0,0,0,1,0,0
1,0.04475026885544795,-0.46508427634374117,-0.46618317148792077,1.2843255211203108,-0.5563385795422586,0.3517161889431792,0,0,1,1,0,0,0,1,0,0,0,0,0,0,0,0,0,0,1,0,1
3,-0.5499987427657905,-0.46508427634374117,-0.46618317148792077,-0.5116012651892122,-0.5563385795422586,-0.5490821079184883,1,0,1,0,1,0,0,0,0,0,0,0,0,0,1,0,0,0,1,0,0
3,-0.6243423692184453,1.4217533575978185,1.9217478939753856,0.053204695142913164,1.9626634467476503,2.153312782666514,0,0,1,1,0,0,0,0,0,0,0,0,0,0,1,1,0,0,1,0,0
2,0.4908120275713768,-0.46508427634374117,-0.46618317148792077,-0.3944756052125042,-0.5563385795422586,-0.5490821079184883,1,0,0,0,1,0,0,0,0,1,0,0,0,0,0,0,0,0,1,0,0
3,0.7881865333819961,-0.46508427634374117,-0.46618317148792077,-0.49815419830690855,-0.5563385795422586,-0.5490821079184883,1,0,1,0,1,0,0,0,0,0,0,0,0,0,1,0,0,0,1,0,0
2,-2.1112148982715415,-0.46508427634374117,1.9217478939753856,0.10795079029149279,0.7031624336026958,-0.5490821079184883,1,0,0,0,0,0,0,0,0,0,0,0,0,0,1,0,1,0,0,0,1
3,0.7881865333819961,0.4783345406270387,0.7277823612437324,-0.33981696389004046,0.7031624336026958,0.3517161889431792,1,1,0,0,1,0,0,0,0,0,0,0,0,0,1,0,1,0,1,0,0
3,-0.10393698404986167,-0.46508427634374117,-0.46618317148792077,-0.49815419830690855,-0.5563385795422586,-0.5490821079184883,0,0,1,1,0,0,0,0,0,0,0,0,0,0,1,0,0,0,1,0,0
2,0.7881865333819961,-0.46508427634374117,-0.46618317148792077,-0.3918728127685774,-0.5563385795422586,-0.5490821079184883,0,0,1,1,0,0,0,0,0,0,0,0,0,0,1,0,0,0,1,0,1
3,-0.8473732485764098,-0.46508427634374117,-0.46618317148792077,-0.5015378284840135,-0.5563385795422586,-0.5490821079184883,0,1,0,1,0,0,0,0,0,0,0,0,0,0,1,0,0,1,0,0,1
3,-0.17828061050251648,-0.46508427634374117,-0.46618317148792077,-0.49815419830690855,-0.5563385795422586,-0.5490821079184883,1,0,1,0,1,0,0,0,0,0,0,0,0,0,1,0,0,0,1,0,0
1,-0.40131148986048093,-0.46508427634374117,-0.46618317148792077,1.0689871321814448,-0.5563385795422586,-0.5490821079184883,0,0,0,1,0,0,0,0,1,0,0,0,0,0,0,0,0,0,1,0,1
2,-1.8138403924609223,0.4783345406270387,1.9217478939753856,-0.08474330438520963,1.3329129401751731,0.3517161889431792,0,0,1,1,0,0,0,0,0,0,0,0,0,0,1,0,1,0,0,0,1
3,0.3421247746660672,-0.46508427634374117,-0.46618317148792077,-0.5273054736788892,-0.5563385795422586,-0.5490821079184883,1,0,1,0,1,0,0,0,0,0,0,0,0,0,1,0,0,0,1,0,0
1,-0.47565511631313573,0.4783345406270387,-0.46618317148792077,1.696087285749538,0.07341192703021858,0.3517161889431792,0,0,0,1,0,0,0,0,0,1,0,0,0,0,0,0,1,0,1,0,1
3,3.055667140187968,-0.46508427634374117,-0.46618317148792077,-0.5011900954135049,-0.5563385795422586,-0.5490821079184883,1,1,0,0,1,0,0,0,0,0,0,0,0,0,1,0,0,0,0,1,0
3,-0.9217168750290646,3.3085909915393783,1.9217478939753856,-0.4975461859920073,3.222164459892605,-0.5490821079184883,0,0,1,1,0,0,0,0,0,0,0,0,0,0,1,1,0,1,0,0,1
1,-0.9960605014817194,-0.46508427634374117,0.7277823612437324,0.5446993623824175,0.07341192703021858,0.3517161889431792,0,0,0,1,0,0,0,1,0,0,0,0,0,0,0,0,1,1,0,0,1
3,-0.7730296221237549,-0.46508427634374117,-0.46618317148792077,-0.49268833417466223,-0.5563385795422586,-0.5490821079184883,1,0,1,0,1,0,0,0,0,0,0,0,0,0,1,0,0,0,1,0,0
3,-0.3269678634078261,-0.46508427634374117,-0.46618317148792077,-0.5116012651892122,-0.5563385795422586,-0.5490821079184883,1,0,1,0,1,0,0,0,0,0,0,0,0,0,1,0,0,0,1,0,0
1,-0.3269678634078261,0.4783345406270387,1.9217478939753856,2.493062332079938,1.3329129401751731,1.2525144858048467,0,0,1,0,0,1,0,0,1,0,0,0,0,0,0,0,1,0,1,0,0
1,0.9368737862873057,0.4783345406270387,-0.46618317148792077,0.4201984297365983,0.07341192703021858,0.3517161889431792,1,0,1,0,1,0,0,0,0,0,0,0,0,0,1,0,1,0,1,0,0
3,-0.6243423692184453,-0.46508427634374117,-0.46618317148792077,-0.4975461859920073,-0.5563385795422586,-0.5490821079184883,1,0,1,0,1,0,0,0,0,0,0,0,0,0,1,0,0,0,1,0,0
3,-0.17828061050251648,-0.46508427634374117,-0.46618317148792077,-0.49815419830690855,-0.5563385795422586,-0.5490821079184883,1,0,1,0,1,0,0,0,0,0,0,0,0,0,1,0,0,0,1,0,0
2,0.04475026885544795,-0.46508427634374117,-0.46618317148792077,-0.6625632269369692,-0.5563385795422586,1.2525144858048467,1,0,1,0,1,0,0,0,0,0,0,0,0,0,1,0,0,0,1,0,0
1,-1.0704041279343741,-0.46508427634374117,0.7277823612437324,3.7379779580101484,0.07341192703021858,0.3517161889431792,0,0,1,1,0,0,0,1,0,0,0,0,0,0,0,0,1,1,0,0,1
3,1.15990466564527,-0.46508427634374117,-0.46618317148792077,-0.5173274085658514,-0.5563385795422586,-0.5490821079184883,1,0,1,0,1,0,0,0,0,0,0,0,0,0,1,0,0,0,1,0,0
3,-0.17828061050251648,0.4783345406270387,-0.46618317148792077,-0.24680981981573616,0.07341192703021858,-0.5490821079184883,1,0,1,0,1,0,0,0,0,0,0,0,0,0,1,0,1,0,1,0,0
3,-0.3269678634078261,0.4783345406270387,-0.46618317148792077,-0.5006695369247195,0.07341192703021858,-0.5490821079184883,1,0,1,0,1,0,0,0,0,0,0,0,0,0,1,0,1,0,1,0,1
1,0.26778114821341237,-0.46508427634374117,-0.46618317148792077,-0.5584515291798955,-0.5563385795422586,-0.5490821079184883,1,0,1,0,1,0,0,1,0,0,0,0,0,0,0,0,0,0,1,0,0
2,-0.10393698404986167,-0.46508427634374117,-0.46618317148792077,-0.3918728127685774,-0.5563385795422586,-0.5490821079184883,0,0,1,1,0,0,0,0,0,0,0,0,0,0,1,0,0,0,1,0,1
2,0.19343752176075757,1.4217533575978185,-0.46618317148792077,0.8678787300920157,0.7031624336026958,3.0541110795281816,1,0,1,0,1,0,0,0,0,0,0,0,0,0,1,0,1,0,1,0,0
1,-0.2526242369551713,-0.46508427634374117,-0.46618317148792077,-0.03789304039452642,-0.5563385795422586,-0.5490821079184883,1,0,0,0,1,0,0,0,1,0,0,0,0,0,0,0,0,0,1,0,1
3,0.5651556540240317,1.4217533575978185,-0.46618317148792077,-0.4975461859920073,0.7031624336026958,-0.5490821079184883,1,0,1,0,1,0,0,0,0,0,0,0,0,0,1,0,1,0,1,0,0
1,1.5316227979085442,-0.46508427634374117,-0.46618317148792077,-0.06470180256697296,-0.5563385795422586,-0.5490821079184883,0,0,0,1,0,0,0,0,1,0,0,0,0,0,0,0,0,0,1,0,0
1,1.5316227979085442,0.4783345406270387,-0.46618317148792077,1.5534542598223466,0.07341192703021858,0.3517161889431792,1,0,0,0,1,0,0,0,1,0,0,0,0,0,0,0,1,0,1,0,0
3,-0.8473732485764098,-0.46508427634374117,-0.46618317148792077,-0.49312143883733167,-0.5563385795422586,-0.5490821079184883,0,1,0,1,0,0,0,0,0,0,0,0,0,0,1,0,0,1,0,0,0
2,0.3421247746660672,0.4783345406270387,-0.46618317148792077,-0.22529409635725928,0.07341192703021858,-0.5490821079184883,1,0,1,0,1,0,0,0,0,0,0,0,0,0,1,0,1,0,1,0,0
3,-0.8473732485764098,-0.46508427634374117,-0.46618317148792077,-0.49849984914346207,-0.5563385795422586,-0.5490821079184883,0,1,0,1,0,0,0,0,0,0,0,0,0,0,1,0,0,1,0,0,1
1,0.416468401118722,-0.46508427634374117,-0.46618317148792077,10.005329337567716,-0.5563385795422586,0.3517161889431792,0,0,0,1,0,0,0,0,0,0,0,0,0,0,1,0,0,0,1,0,1
3,1.3829355450032346,0.4783345406270387,3.1157134267070385,0.053204695142913164,1.9626634467476503,2.153312782666514,0,0,1,0,0,1,0,0,0,0,0,0,0,0,1,1,0,0,1,0,0
1,1.3085919185505797,-0.46508427634374117,-0.46618317148792077,0.13909684579249906,-0.5563385795422586,-0.5490821079184883,1,0,1,0,1,0,0,0,0,0,1,0,0,0,0,0,0,0,1,0,0
1,0.7881865333819961,-0.46508427634374117,-0.46618317148792077,-0.10973011184690733,-0.5563385795422586,-0.5490821079184883,1,0,1,0,1,0,0,0,0,0,0,0,0,0,1,0,0,0,1,0,1
