Pclass,Age,SibSp,Parch,Fare,FamilySize,TicketGroup,Sex_male,Embarked_Q,Embarked_S,Title_Miss,Title_Mr,Title_Mrs,Title_Rare,Deck_B,Deck_C,Deck_D,Deck_E,Deck_F,Deck_G,Deck_T,Deck_Unknown,FamilyCategory_Large,FamilyCategory_Small,AgeGroup_Teenager,AgeGroup_Adult,AgeGroup_Elderly
3,-0.5405860727931737,0.481287771858981,-0.444999501816175,-0.5032910637405889,0.07335229062787217,-0.6191736503203585,1,0,1,0,1,0,0,0,0,0,0,0,0,0,1,0,1,0,1,0
1,0.6498074023082314,0.481287771858981,-0.444999501816175,0.7347436506052941,0.07335229062787217,-0.05710824930139227,0,0,0,0,0,1,0,0,1,0,0,0,0,0,0,0,1,0,1,0
3,-0.24298770401782244,-0.47908676070718687,-0.444999501816175,-0.4902404567566684,-0.5583460543187373,-0.6191736503203585,0,0,1,1,0,0,0,0,0,0,0,0,0,0,1,0,0,0,1,0
1,0.426608625726718,0.481287771858981,-0.444999501816175,0.38318349953756076,0.07335229062787217,-0.05710824930139227,0,0,1,0,0,1,0,0,1,0,0,0,0,0,0,0,1,0,1,0
3,0.426608625726718,-0.47908676070718687,-0.444999501816175,-0.48782367768557205,-0.5583460543187373,-0.6191736503203585,1,0,1,0,1,0,0,0,0,0,0,0,0,0,1,0,0,0,1,0
3,-0.24298770401782244,-0.47908676070718687,-0.444999501816175,-0.47992951052774285,-0.5583460543187373,-0.6191736503203585,1,1,0,0,1,0,0,0,0,0,0,0,0,0,1,0,0,0,1,0
1,1.8402008774096366,-0.47908676070718687,-0.444999501816175,0.35925738673370655,-0.5583460543187373,-0.05710824930139227,1,0,1,0,1,0,0,0,0,0,1,0,0,0,0,0,0,0,1,0
3,-2.02857791666993,2.4020368369913165,0.7107630931786129,-0.23599529847733,1.9684473254677004,1.6290879537555065,1,0,1,0,0,0,0,0,0,0,0,0,0,0,1,1,0,0,0,0
3,-0.16858811182398462,-0.47908676070718687,1.8665256881734007,-0.4282104384062805,0.7050506355744817,0.5049571517175739,0,0,1,0,0,1,0,0,0,0,0,0,0,0,1,0,1,0,1,0
2,-1.1357828103438763,0.481287771858981,-0.444999501816175,-0.062068409135180025,0.07335229062787217,-0.05710824930139227,0,0,0,0,0,1,0,0,0,0,0,0,0,0,1,0,1,1,0,0
3,-1.8797787322822546,0.481287771858981,0.7107630931786129,-0.32058256596570306,0.7050506355744817,0.5049571517175739,0,0,1,1,0,0,0,0,0,0,0,0,1,0,0,0,1,0,0,0
1,2.1377992461849877,-0.47908676070718687,-0.444999501816175,-0.13014037516330884,-0.5583460543187373,-0.6191736503203585,0,0,1,1,0,0,0,0,1,0,0,0,0,0,0,0,0,0,1,0
3,-0.6893852571808494,-0.47908676070718687,-0.444999501816175,-0.48782367768557205,-0.5583460543187373,-0.6191736503203585,1,0,1,0,1,0,0,0,0,0,0,0,0,0,1,0,0,0,1,0
3,0.7242069945020693,0.481287771858981,5.333813473157765,-0.038786126275866,3.2318440153609194,2.753218755793439,1,0,1,0,1,0,0,0,0,0,0,0,0,0,1,1,0,0,1,0
3,-1.1357828103438763,-0.47908676070718687,-0.444999501816175,-0.4916093204225374,-0.5583460543187373,-0.6191736503203585,0,0,1,1,0,0,0,0,0,0,0,0,0,0,1,0,0,1,0,0
2,1.9146004696034744,-0.47908676070718687,-0.444999501816175,-0.33411652876384274,-0.5583460543187373,-0.6191736503203585,0,0,1,0,0,1,0,0,0,0,0,0,0,0,1,0,0,0,1,0
3,-2.02857791666993,3.3624113695574844,0.7107630931786129,-0.08035472629872359,2.6001456704143098,2.191153354774473,1,1,0,0,0,0,0,0,0,0,0,0,0,0,1,1,0,0,0,0
2,0.05461066475752886,-0.47908676070718687,-0.444999501816175,-0.3921192264701557,-0.5583460543187373,-0.6191736503203585,1,0,1,0,1,0,0,0,0,0,0,0,0,0,1,0,0,0,1,0
3,0.12901025695136667,0.481287771858981,-0.444999501816175,-0.29544806362630077,0.07335229062787217,-0.05710824930139227,0,0,1,0,0,1,0,0,0,0,0,0,0,0,1,0,1,0,1,0
3,0.12901025695136667,-0.47908676070718687,-0.444999501816175,-0.5037744195548081,-0.5583460543187373,-0.6191736503203585,0,0,0,0,0,1,0,0,0,0,0,0,0,0,1,0,0,0,1,0
2,0.426608625726718,-0.47908676070718687,-0.444999501816175,-0.14077420307613292,-0.5583460543187373,-0.05710824930139227,1,0,1,0,1,0,0,0,0,0,0,0,0,0,1,0,0,0,1,0
2,0.35220903353288013,-0.47908676070718687,-0.444999501816175,-0.3921192264701557,-0.5583460543187373,-0.6191736503203585,1,0,1,0,1,0,0,0,0,1,0,0,0,0,0,0,0,0,1,0
3,-1.0613832181500384,-0.47908676070718687,-0.444999501816175,-0.4882258297230025,-0.5583460543187373,-0.6191736503203585,0,1,0,1,0,0,0,0,0,0,0,0,0,0,1,0,0,1,0,0
1,-0.0941885196301468,-0.47908676070718687,-0.444999501816175,0.042901006327191425,-0.5583460543187373,-0.6191736503203585,1,0,1,0,1,0,0,0,0,0,0,0,0,0,0,0,0,0,1,0
3,-1.5821803635069032,2.4020368369913165,0.7107630931786129,-0.23599529847733,1.9684473254677004,1.6290879537555065,0,0,1,1,0,0,0,0,0,0,0,0,0,0,1,1,0,0,0,0
3,0.6498074023082314,0.481287771858981,5.333813473157765,-0.036611025111879254,3.2318440153609194,2.753218755793439,0,0,1,0,0,1,0,0,0,0,0,0,0,0,1,1,0,0,1,0
3,-0.24298770401782244,-0.47908676070718687,-0.444999501816175,-0.5037744195548081,-0.5583460543187373,-0.6191736503203585,1,0,0,0,1,0,0,0,0,0,0,0,0,0,1,0,0,0,1,0
1,-0.7637848493746872,2.4020368369913165,1.8665256881734007,4.44143891572259,2.6001456704143098,2.191153354774473,1,0,1,0,1,0,0,0,1,0,0,0,0,0,0,1,0,0,1,0
3,-0.838184441568525,-0.47908676070718687,-0.444999501816175,-0.4911259646083181,-0.5583460543187373,-0.6191736503203585,0,1,0,1,0,0,0,0,0,0,0,0,0,0,1,0,0,1,0,0
3,-0.24298770401782244,-0.47908676070718687,-0.444999501816175,-0.4908050163476765,-0.5583460543187373,-0.6191736503203585,1,0,1,0,1,0,0,0,0,0,0,0,0,0,1,0,0,0,1,0
1,0.7986065866959071,-0.47908676070718687,-0.444999501816175,-0.10750385567179178,-0.5583460543187373,-0.6191736503203585,1,0,0,0,0,0,1,0,0,0,0,0,0,0,1,0,0,0,1,0
1,1.1706045476650961,0.481287771858981,-0.444999501816175,2.189402973498201,0.07335229062787217,0.5049571517175739,0,0,0,0,0,1,0,1,0,0,0,0,0,0,0,0,1,0,1,0
3,-0.838184441568525,-0.47908676070718687,-0.444999501816175,-0.49362394745620336,-0.5583460543187373,-0.6191736503203585,0,1,0,1,0,0,0,0,0,0,0,0,0,0,1,0,0,1,0,0
2,2.732995983735691,-0.47908676070718687,-0.444999501816175,-0.44045480789208313,-0.5583460543187373,-0.6191736503203585,1,0,1,0,1,0,0,0,0,0,0,0,0,0,1,0,0,0,0,1
1,-0.0941885196301468,0.481287771858981,-0.444999501816175,0.9452451076977882,0.07335229062787217,-0.05710824930139227,1,0,0,0,1,0,0,0,0,0,0,0,0,0,1,0,1,0,1,0
1,0.9474057710835827,0.481287771858981,-0.444999501816175,0.36191584371191265,0.07335229062787217,-0.05710824930139227,1,0,1,0,1,0,0,0,0,0,0,0,0,0,1,0,1,0,1,0
3,-0.24298770401782244,-0.47908676070718687,-0.444999501816175,-0.5036932157780193,-0.5583460543187373,-0.6191736503203585,1,0,0,0,1,0,0,0,0,0,0,0,0,0,1,0,0,0,1,0
3,-0.6149856649870116,-0.47908676070718687,-0.444999501816175,-0.48782367768557205,-0.5583460543187373,-0.6191736503203585,1,0,1,0,1,0,0,0,0,0,0,0,0,0,1,0,0,0,1,0
3,-0.838184441568525,1.4416623044251486,-0.444999501816175,-0.29544806362630077,0.7050506355744817,-0.05710824930139227,0,0,1,1,0,0,0,0,0,0,0,0,0,0,1,0,1,1,0,0
3,-1.1357828103438763,0.481287771858981,-0.444999501816175,-0.42611460759582565,0.07335229062787217,-0.05710824930139227,0,0,0,1,0,0,0,0,0,0,0,0,0,0,1,0,1,1,0,0
3,0.7986065866959071,0.481287771858981,-0.444999501816175,-0.4602723962750734,0.07335229062787217,-0.6191736503203585,0,0,1,0,0,1,0,0,0,0,0,0,0,0,1,0,1,0,1,0
2,-0.16858811182398462,0.481287771858981,-0.444999501816175,-0.23744536591998783,0.07335229062787217,-0.05710824930139227,0,0,1,0,0,1,0,0,0,0,0,0,0,0,1,0,1,0,1,0
3,-0.24298770401782244,-0.47908676070718687,-0.444999501816175,-0.4908050163476765,-0.5583460543187373,-0.6191736503203585,1,0,0,0,1,0,0,0,0,0,0,0,0,0,1,0,0,0,1,0
2,-1.9541783244760924,0.481287771858981,1.8665256881734007,0.16043767295926398,1.3367489805210908,1.0670225527365402,0,0,0,1,0,0,0,0,0,0,0,0,0,0,1,0,1,0,0,0
3,-0.7637848493746872,-0.47908676070718687,-0.444999501816175,-0.4911259646083181,-0.5583460543187373,-0.6191736503203585,0,1,0,1,0,0,0,0,0,0,0,0,0,0,1,0,0,0,1,0
3,-0.24298770401782244,-0.47908676070718687,-0.444999501816175,-0.48782367768557205,-0.5583460543187373,-0.6191736503203585,1,0,1,0,1,0,0,0,0,0,0,0,0,0,1,0,0,0,1,0
3,-0.24298770401782244,0.481287771858981,-0.444999501816175,-0.3437836450482282,0.07335229062787217,-0.05710824930139227,1,1,0,0,1,0,0,0,0,0,0,0,0,0,1,0,1,0,1,0
3,-0.838184441568525,-0.47908676070718687,-0.444999501816175,-0.49362394745620336,-0.5583460543187373,-0.6191736503203585,0,1,0,1,0,0,0,0,0,0,0,0,0,0,1,0,0,1,0,0
3,-0.24298770401782244,1.4416623044251486,-0.444999501816175,-0.22431355515927853,0.7050506355744817,0.5049571517175739,1,0,0,0,1,0,0,0,0,0,0,0,0,0,1,0,1,0,1,0
3,-0.838184441568525,0.481287771858981,-0.444999501816175,-0.29931491014005496,0.07335229062787217,-0.05710824930139227,0,0,1,0,0,1,0,0,0,0,0,0,0,0,1,0,1,1,0,0
3,-1.656579955700741,3.3624113695574844,0.7107630931786129,0.12386310520891992,2.6001456704143098,2.753218755793439,1,0,1,0,0,0,0,0,0,0,0,0,0,0,1,1,0,0,0,0
3,-0.6149856649870116,-0.47908676070718687,-0.444999501816175,-0.4926572358277648,-0.5583460543187373,-0.6191736503203585,1,0,1,0,1,0,0,0,0,0,0,0,0,0,1,0,0,0,1,0
1,1.4682029164404475,0.481287771858981,-0.444999501816175,0.8400359477515641,0.07335229062787217,0.5049571517175739,0,0,0,0,0,1,0,0,0,1,0,0,0,0,0,0,1,0,1,0
2,-0.019788927436308962,0.481287771858981,-0.444999501816175,-0.14077420307613292,0.07335229062787217,-0.05710824930139227,0,0,1,0,0,1,0,0,0,0,0,0,0,0,1,0,1,0,1,0
1,2.658596391541853,-0.47908676070718687,0.7107630931786129,0.554856017362192,0.07335229062787217,-0.05710824930139227,1,0,0,0,1,0,0,1,0,0,0,0,0,0,0,0,1,0,0,1
1,0.9102059749866638,-0.47908676070718687,-0.444999501816175,0.042901006327191425,-0.5583460543187373,-0.6191736503203585,1,0,1,0,1,0,0,0,1,0,0,0,0,0,0,0,0,0,1,0
2,-0.6149856649870116,-0.47908676070718687,-0.444999501816175,-0.44045480789208313,-0.5583460543187373,-0.6191736503203585,0,0,1,1,0,0,0,0,0,0,0,0,0,0,1,0,0,0,1,0
3,-0.05698872353322788,-0.47908676070718687,-0.444999501816175,-0.5036932157780193,-0.5583460543187373,-0.6191736503203585,1,0,0,0,1,0,0,0,0,0,0,0,0,0,1,0,0,0,1,0
2,-1.8053791400884167,0.481287771858981,1.8665256881734007,-0.10693929608078369,1.3367489805210908,1.0670225527365402,0,0,1,1,0,0,0,0,0,0,0,0,0,0,1,0,1,0,0,0
3,-1.3589815869253898,4.322785902123652,1.8665256881734007,0.2633112576111806,3.8635423603075285,3.3152841568124054,1,0,1,0,0,0,0,0,0,0,0,0,0,0,1,1,0,0,0,0
3,-0.5405860727931737,-0.47908676070718687,-0.444999501816175,-0.5036932157780193,-0.5583460543187373,-0.6191736503203585,1,0,0,0,1,0,0,0,0,0,0,0,0,0,1,0,0,0,1,0
1,0.6498074023082314,-0.47908676070718687,-0.444999501816175,0.9032743556375001,-0.5583460543187373,-0.05710824930139227,0,0,1,1,0,0,0,1,0,0,0,0,0,0,0,0,0,0,1,0
1,1.1706045476650961,0.481287771858981,-0.444999501816175,0.9704608138139792,0.07335229062787217,-0.05710824930139227,1,0,1,0,1,0,0,0,1,0,0,0,0,0,0,0,1,0,1,0
3,-1.8797787322822546,2.4020368369913165,1.8665256881734007,-0.10403916119546806,2.6001456704143098,2.191153354774473,1,0,1,0,0,0,0,0,0,0,0,0,0,0,1,1,0,0,0,0
1,0.9102059749866638,-0.47908676070718687,-0.444999501816175,-0.10750385567179178,-0.5583460543187373,-0.6191736503203585,1,0,0,0,1,0,0,0,0,0,0,0,0,0,1,0,0,0,1,0
3,-1.7309795478945789,0.481287771858981,0.7107630931786129,-0.34869840696720983,0.7050506355744817,0.5049571517175739,1,0,0,0,0,0,0,0,0,0,0,0,0,0,1,0,1,0,0,0
2,-0.019788927436308962,-0.47908676070718687,-0.444999501816175,-0.44045480789208313,-0.5583460543187373,-0.6191736503203585,0,0,1,0,0,1,0,0,0,0,0,1,0,0,0,0,0,0,1,0
3,-0.7637848493746872,-0.47908676070718687,-0.444999501816175,-0.48572978029837416,-0.5583460543187373,-0.6191736503203585,1,0,1,0,1,0,0,0,0,0,0,0,0,0,1,0,0,0,1,0
3,-0.9125840337623629,3.3624113695574844,1.8665256881734007,-0.4902404567566684,3.2318440153609194,-0.6191736503203585,0,0,1,1,0,0,0,0,0,0,0,0,0,0,1,1,0,1,0,0
3,-0.24298770401782244,1.4416623044251486,-0.444999501816175,-0.4759814602371998,0.7050506355744817,-0.6191736503203585,1,0,1,0,1,0,0,0,0,0,0,0,0,0,1,0,1,0,1,0
2,0.20340984914520452,-0.47908676070718687,-0.444999501816175,-0.44045480789208313,-0.5583460543187373,-0.6191736503203585,1,0,1,0,1,0,0,0,0,0,0,0,0,0,1,0,0,0,1,0
3,-0.9869836259562007,4.322785902123652,1.8665256881734007,0.2633112576111806,3.8635423603075285,3.3152841568124054,0,0,1,1,0,0,0,0,0,0,0,0,0,0,1,1,0,1,0,0
2,-0.6149856649870116,-0.47908676070718687,-0.444999501816175,0.7776018439404888,-0.5583460543187373,2.753218755793439,1,0,1,0,1,0,0,0,0,0,0,0,0,0,1,0,0,0,1,0
3,-0.24298770401782244,0.481287771858981,-0.444999501816175,-0.3640033854686489,0.07335229062787217,-0.05710824930139227,1,0,0,0,1,0,0,0,0,0,0,0,0,0,1,0,1,0,1,0
3,0.20340984914520452,-0.47908676070718687,-0.444999501816175,0.4488386864945933,-0.5583460543187373,3.3152841568124054,1,0,1,0,1,0,0,0,0,0,0,0,0,0,1,0,0,0,1,0
3,-0.3173872962116603,-0.47908676070718687,-0.444999501816175,-0.4955573707130805,-0.5583460543187373,-0.6191736503203585,1,0,1,0,1,0,0,0,0,0,0,1,0,0,0,0,0,0,1,0
3,-0.24298770401782244,-0.47908676070718687,-0.444999501816175,-0.4908050163476765,-0.5583460543187373,-0.6191736503203585,1,0,1,0,1,0,0,0,0,0,0,0,0,0,1,0,0,0,1,0
3,-0.24298770401782244,-0.47908676070718687,-0.444999501816175,-0.48782367768557205,-0.5583460543187373,-0.6191736503203585,1,0,1,0,1,0,0,0,0,0,0,0,0,0,1,0,0,0,1,0
2,-2.1156254395367204,-0.47908676070718687,1.8665256881734007,-0.08277150536981996,0.7050506355744817,0.5049571517175739,1,0,1,0,0,0,0,0,0,0,0,0,0,0,1,0,1,0,0,0
3,0.05461066475752886,-0.47908676070718687,-0.444999501816175,-0.40226969856876044,-0.5583460543187373,-0.05710824930139227,0,0,1,1,0,0,0,0,0,0,0,0,0,0,1,0,0,0,1,0
3,-0.5405860727931737,-0.47908676070718687,-0.444999501816175,-0.4694561567452396,-0.5583460543187373,-0.6191736503203585,1,0,1,0,1,0,0,0,0,0,0,0,0,0,1,0,0,0,1,0
3,-0.019788927436308962,-0.47908676070718687,-0.444999501816175,-0.4597890404608541,-0.5583460543187373,-0.6191736503203585,1,0,1,0,1,0,0,0,0,0,0,0,0,0,1,0,0,0,1,0
3,-0.838184441568525,-0.47908676070718687,-0.444999501816175,-0.4928989137348744,-0.5583460543187373,-0.6191736503203585,0,1,0,1,0,0,0,0,0,0,0,0,0,0,1,0,0,1,0,0
1,-0.0941885196301468,-0.47908676070718687,-0.444999501816175,0.26717810412493487,-0.5583460543187373,-0.05710824930139227,1,0,1,0,1,0,0,0,0,0,0,0,0,0,1,0,0,0,1,0
2,-0.9125840337623629,-0.47908676070718687,-0.444999501816175,-0.44045480789208313,-0.5583460543187373,-0.6191736503203585,0,0,1,1,0,0,0,0,0,0,0,0,0,0,1,0,0,1,0,0
3,0.27780944133904234,2.4020368369913165,-0.444999501816175,-0.33701666364915833,1.3367489805210908,-0.05710824930139227,0,0,1,0,0,1,0,0,0,0,0,0,0,0,1,0,1,0,1,0
3,-0.9869836259562007,0.481287771858981,3.022288283168189,0.02114999468732407,1.9684473254677004,1.6290879537555065,1,0,1,0,1,0,0,0,0,0,0,0,0,0,1,1,0,1,0,0
3,-0.24298770401782244,-0.47908676070718687,-0.444999501816175,-0.48782367768557205,-0.5583460543187373,-0.6191736503203585,1,0,1,0,1,0,0,0,0,0,0,0,0,0,1,0,0,0,1,0
1,-0.46618648059933593,2.4020368369913165,1.8665256881734007,4.44143891572259,2.6001456704143098,2.191153354774473,0,0,1,1,0,0,0,0,1,0,0,0,0,0,0,1,0,0,1,0
3,-0.3917868884054981,-0.47908676070718687,-0.444999501816175,-0.48782367768557205,-0.5583460543187373,-0.6191736503203585,1,0,1,0,1,0,0,0,0,0,0,0,0,0,1,0,0,0,1,0
3,-0.019788927436308962,-0.47908676070718687,-0.444999501816175,-0.48782367768557205,-0.5583460543187373,-0.6191736503203585,1,0,1,0,1,0,0,0,0,0,0,0,0,0,1,0,0,0,1,0
3,-0.6893852571808494,-0.47908676070718687,-0.444999501816175,-0.4916093204225374,-0.5583460543187373,-0.6191736503203585,1,0,1,0,1,0,0,0,0,0,0,0,0,0,1,0,0,0,1,0
1,1.245004139858934,0.481287771858981,-0.444999501816175,0.5393074275303864,0.07335229062787217,-0.05710824930139227,1,0,1,0,1,0,0,0,0,0,1,0,0,0,0,0,1,0,1,0
3,-0.24298770401782244,0.481287771858981,1.8665256881734007,-0.2456624147617155,1.3367489805210908,1.0670225527365402,1,0,1,0,1,0,0,0,0,0,0,0,0,0,1,0,1,0,1,0
3,2.212198838378826,-0.47908676070718687,-0.444999501816175,-0.5032910637405889,-0.5583460543187373,-0.6191736503203585,1,0,1,0,1,0,0,0,0,0,0,0,0,0,1,0,0,0,1,0
3,-0.24298770401782244,-0.47908676070718687,-0.444999501816175,-0.48782367768557205,-0.5583460543187373,-0.6191736503203585,1,0,1,0,1,0,0,0,0,0,0,0,0,0,1,0,0,0,1,0
1,3.10499394470488,-0.47908676070718687,-0.444999501816175,0.02654811242052499,-0.5583460543187373,-0.6191736503203585,1,0,0,0,1,0,0,0,0,0,0,0,0,0,0,0,0,0,0,1
1,-0.46618648059933593,-0.47908676070718687,0.7107630931786129,0.5815198574977841,0.07335229062787217,-0.05710824930139227,1,0,0,0,1,0,0,0,0,1,0,0,0,0,0,0,1,0,1,0
2,0.35220903353288013,-0.47908676070718687,0.7107630931786129,-0.19877690078244586,0.07335229062787217,-0.05710824930139227,0,0,1,0,0,1,0,0,0,0,0,0,0,0,1,0,1,0,1,0
2,0.35220903353288013,0.481287771858981,-0.444999501816175,-0.14077420307613292,0.07335229062787217,-0.05710824930139227,1,0,1,0,1,0,0,0,0,0,0,0,0,0,1,0,1,0,1,0
3,-0.0941885196301468,-0.47908676070718687,-0.444999501816175,-0.4908050163476765,-0.5583460543187373,-0.6191736503203585,0,0,1,1,0,0,0,0,0,0,0,0,0,0,1,0,0,0,1,0
3,-0.24298770401782244,-0.47908676070718687,-0.444999501816175,-0.4908050163476765,-0.5583460543187373,-0.6191736503203585,1,0,1,0,1,0,0,0,0,0,0,0,0,0,1,0,0,0,1,0
1,-0.6149856649870116,-0.47908676070718687,0.7107630931786129,0.8508302497947088,0.07335229062787217,-0.05710824930139227,1,0,1,0,1,0,0,0,0,1,0,0,0,0,0,0,1,0,1,0
3,0.27780944133904234,-0.47908676070718687,-0.444999501816175,-0.4761419343675206,-0.5583460543187373,-0.6191736503203585,1,0,1,0,1,0,0,0,0,0,0,0,0,0,1,0,0,0,1,0
3,0.5754078101143936,1.4416623044251486,-0.444999501816175,-0.4902404567566684,0.7050506355744817,-0.6191736503203585,1,0,1,0,1,0,0,0,0,0,0,0,0,0,1,0,1,0,1,0
3,-0.0941885196301468,-0.47908676070718687,-0.444999501816175,-0.4908050163476765,-0.5583460543187373,-0.6191736503203585,1,0,1,0,1,0,0,0,0,0,0,0,0,0,1,0,0,0,1,0
3,-0.6149856649870116,-0.47908676070718687,-0.444999501816175,-0.4955573707130805,-0.5583460543187373,-0.6191736503203585,0,0,1,1,0,0,0,0,0,0,0,0,0,0,1,0,0,0,1,0
3,-0.24298770401782244,-0.47908676070718687,-0.444999501816175,-0.4931405916419841,-0.5583460543187373,-0.6191736503203585,1,0,1,0,1,0,0,0,0,0,0,0,0,0,1,0,0,0,1,0
3,0.6498074023082314,-0.47908676070718687,-0.444999501816175,-0.4908050163476765,-0.5583460543187373,-0.6191736503203585,1,0,1,0,1,0,0,0,0,0,0,0,0,0,1,0,0,0,1,0
3,-0.838184441568525,0.481287771858981,-0.444999501816175,-0.17654253332835926,0.07335229062787217,0.5049571517175739,0,1,0,1,0,0,0,0,0,0,0,0,0,0,1,0,1,1,0,0
1,1.3194037320527718,-0.47908676070718687,-0.444999501816175,0.36191584371191265,-0.5583460543187373,-0.05710824930139227,1,0,1,0,1,0,0,0,1,0,0,0,0,0,0,0,0,0,1,0
3,-1.0985830142469575,0.481287771858981,-0.444999501816175,-0.3640033854686489,0.07335229062787217,-0.05710824930139227,0,0,0,1,0,0,0,0,0,0,0,0,0,0,1,0,1,1,0,0
3,-0.5405860727931737,-0.47908676070718687,-0.444999501816175,-0.48782367768557205,-0.5583460543187373,-0.6191736503203585,1,0,1,0,1,0,0,0,0,0,0,0,0,0,1,0,0,0,1,0
3,-0.6893852571808494,0.481287771858981,-0.444999501816175,-0.45350541487600354,0.07335229062787217,-0.6191736503203585,0,0,1,1,0,0,0,0,0,0,0,0,0,0,1,0,1,0,1,0
3,-0.9125840337623629,-0.47908676070718687,-0.444999501816175,-0.3639241151151169,-0.5583460543187373,-0.05710824930139227,0,0,0,1,0,0,0,0,0,0,0,0,0,0,1,0,0,1,0,0
3,-0.6149856649870116,-0.47908676070718687,-0.444999501816175,-0.4902404567566684,-0.5583460543187373,-0.6191736503203585,1,0,1,0,1,0,0,0,0,0,0,0,0,0,1,0,0,0,1,0
3,3.067794148607961,-0.47908676070718687,-0.444999501816175,-0.49362394745620336,-0.5583460543187373,-0.6191736503203585,1,1,0,0,1,0,0,0,0,0,0,0,0,0,1,0,0,0,0,1
2,-0.019788927436308962,0.481287771858981,-0.444999501816175,-0.23744536591998783,0.07335229062787217,-0.05710824930139227,1,0,1,0,1,0,0,0,0,0,0,0,0,0,1,0,1,0,1,0
1,-0.3917868884054981,-0.47908676070718687,0.7107630931786129,4.14216046294407,0.07335229062787217,0.5049571517175739,1,0,0,0,1,0,0,1,0,0,0,0,0,0,0,0,1,0,1,0
3,-2.02857791666993,3.3624113695574844,1.8665256881734007,-0.038786126275866,3.2318440153609194,2.753218755793439,0,0,1,1,0,0,0,0,0,0,0,0,0,0,1,1,0,0,0,0
2,-0.6149856649870116,1.4416623044251486,-0.444999501816175,0.7776018439404888,0.7050506355744817,2.753218755793439,1,0,1,0,1,0,0,0,0,0,0,0,0,0,1,0,1,0,1,0
3,-0.24298770401782244,-0.47908676070718687,-0.444999501816175,-0.48782367768557205,-0.5583460543187373,-0.6191736503203585,1,0,1,0,1,0,0,0,0,0,0,0,0,0,1,0,0,0,1,0
2,0.24060964524212342,0.481287771858981,-0.444999501816175,-0.062068409135180025,0.07335229062787217,-0.05710824930139227,1,0,0,0,1,0,0,0,0,0,0,0,0,0,1,0,1,0,1,0
2,0.24060964524212342,-0.47908676070718687,-0.444999501816175,-0.3921192264701557,-0.5583460543187373,-0.6191736503203585,0,0,1,1,0,0,0,0,0,0,1,0,0,0,0,0,0,0,1,0
1,1.8402008774096366,-0.47908676070718687,0.7107630931786129,0.8508302497947088,0.07335229062787217,-0.05710824930139227,1,0,1,0,1,0,0,0,0,1,0,0,0,0,0,0,1,0,1,0
3,-1.284581994731552,0.481287771858981,-0.444999501816175,-0.42611460759582565,0.07335229062787217,-0.05710824930139227,1,0,0,0,0,0,0,0,0,0,0,0,0,0,1,0,1,0,0,0
3,-0.24298770401782244,-0.47908676070718687,-0.444999501816175,-0.49362394745620336,-0.5583460543187373,-0.6191736503203585,1,1,0,0,1,0,0,0,0,0,0,0,0,0,1,0,0,0,1,0
3,-0.3917868884054981,-0.47908676070718687,-0.444999501816175,-0.5053849611277867,-0.5583460543187373,-0.6191736503203585,1,0,1,0,1,0,0,0,0,0,0,0,0,0,1,0,0,0,1,0
3,-0.838184441568525,0.481287771858981,0.7107630931786129,-0.2111836778218262,0.7050506355744817,0.5049571517175739,0,0,0,1,0,0,0,0,0,0,0,1,0,0,0,0,1,1,0,0
3,1.1706045476650961,-0.47908676070718687,-0.444999501816175,-0.5086079776970008,-0.5583460543187373,-0.6191736503203585,1,0,1,0,1,0,0,0,0,0,0,0,0,0,1,0,0,0,1,0
3,0.27780944133904234,-0.47908676070718687,-0.444999501816175,-0.4908050163476765,-0.5583460543187373,-0.6191736503203585,1,0,0,0,1,0,0,0,0,0,0,0,0,0,1,0,0,0,1,0
3,-0.6893852571808494,-0.47908676070718687,-0.444999501816175,-0.507157910254343,-0.5583460543187373,-0.6191736503203585,1,0,1,0,1,0,0,0,0,0,0,0,0,0,1,0,0,0,1,0
3,1.3194037320527718,0.481287771858981,-0.444999501816175,-0.3631178776169992,0.07335229062787217,-0.05710824930139227,0,0,1,0,0,1,0,0,0,0,0,0,0,0,1,0,1,0,1,0
2,-0.019788927436308962,0.481287771858981,-0.444999501816175,-0.14077420307613292,0.07335229062787217,-0.05710824930139227,0,0,1,0,0,1,0,0,0,0,0,0,0,0,1,0,1,0,1,0
2,-0.3173872962116603,-0.47908676070718687,-0.444999501816175,-0.3921192264701557,-0.5583460543187373,-0.6191736503203585,1,0,1,0,1,0,0,0,0,0,0,0,0,0,1,0,0,0,1,0
2,-0.46618648059933593,-0.47908676070718687,-0.444999501816175,-0.352565253480964,-0.5583460543187373,-0.6191736503203585,1,0,0,0,1,0,0,0,0,0,0,0,0,0,1,0,0,0,1,0
1,-0.7637848493746872,-0.47908676070718687,1.8665256881734007,-0.13529681498940008,0.7050506355744817,-0.6191736503203585,0,0,1,1,0,0,0,0,0,1,0,0,0,0,0,0,1,0,1,0
1,0.5754078101143936,0.481287771858981,-0.444999501816175,0.38318349953756076,0.07335229062787217,-0.05710824930139227,1,0,1,0,1,0,0,0,1,0,0,0,0,0,0,0,1,0,1,0
3,-0.9869836259562007,-0.47908676070718687,-0.444999501816175,-0.46526642854758693,-0.5583460543187373,-0.05710824930139227,1,0,1,0,1,0,0,0,0,0,0,0,0,0,1,0,0,1,0,0
1,-0.3917868884054981,-0.47908676070718687,-0.444999501816175,0.8878069695824834,-0.5583460543187373,-0.05710824930139227,1,0,0,0,1,0,0,1,0,0,0,0,0,0,0,0,0,0,1,0
3,0.12901025695136667,-0.47908676070718687,1.8665256881734007,-0.34869840696720983,0.7050506355744817,0.5049571517175739,0,0,0,0,0,1,0,0,0,0,0,0,0,0,1,0,1,0,1,0
3,-0.5405860727931737,-0.47908676070718687,-0.444999501816175,-0.49362394745620336,-0.5583460543187373,-0.6191736503203585,0,0,1,1,0,0,0,0,0,0,0,0,0,0,1,0,0,0,1,0
3,-0.3917868884054981,0.481287771858981,-0.444999501816175,-0.33701666364915833,0.07335229062787217,-0.05710824930139227,0,0,1,0,0,1,0,0,0,0,0,0,0,0,1,0,1,0,1,0
3,-0.7637848493746872,-0.47908676070718687,-0.444999501816175,-0.5129581800249743,-0.5583460543187373,-0.6191736503203585,1,1,0,0,1,0,0,0,0,0,0,0,0,0,1,0,0,0,1,0
2,-0.838184441568525,-0.47908676070718687,-0.444999501816175,-0.42112057532331215,-0.5583460543187373,-0.6191736503203585,1,0,1,0,1,0,0,0,0,0,0,0,0,0,1,0,0,1,0,0
2,-0.7637848493746872,0.481287771858981,0.7107630931786129,0.06706879703815516,0.7050506355744817,1.0670225527365402,1,0,1,0,1,0,0,0,0,0,0,0,0,0,1,0,1,0,1,0
3,-0.16858811182398462,-0.47908676070718687,-0.444999501816175,-0.49273843960455366,-0.5583460543187373,-0.6191736503203585,1,0,1,0,1,0,0,0,0,0,0,0,0,0,1,0,0,0,1,0
3,-1.5077807713130655,1.4416623044251486,1.8665256881734007,0.02114999468732407,1.9684473254677004,1.6290879537555065,0,0,1,1,0,0,0,0,0,0,0,0,0,0,1,1,0,0,0,0
2,0.5382080140174748,-0.47908676070718687,1.8665256881734007,-0.14077420307613292,0.7050506355744817,0.5049571517175739,1,0,1,0,1,0,0,0,0,0,0,1,0,0,0,0,1,0,1,0
2,0.9474057710835827,-0.47908676070718687,-0.444999501816175,-0.3921192264701557,-0.5583460543187373,-0.6191736503203585,1,0,1,0,0,0,1,0,0,0,0,0,0,0,1,0,0,0,1,0
2,1.6170021008281232,-0.47908676070718687,-0.444999501816175,-0.4013029869403219,-0.5583460543187373,-0.6191736503203585,1,0,1,0,0,0,1,0,0,0,0,0,0,0,1,0,0,0,1,0
1,-0.5405860727931737,0.481287771858981,-0.444999501816175,0.6441956392159689,0.07335229062787217,-0.05710824930139227,0,0,1,0,0,1,0,0,1,0,0,0,0,0,0,0,1,0,1,0
3,1.9518002657003934,-0.47908676070718687,-0.444999501816175,-0.48782367768557205,-0.5583460543187373,-0.6191736503203585,1,0,1,0,1,0,0,0,0,0,0,0,0,0,1,0,0,0,1,0
3,0.835806382792826,-0.47908676070718687,1.8665256881734007,-0.3631178776169992,0.7050506355744817,0.5049571517175739,1,0,1,0,1,0,0,0,0,0,0,0,0,0,1,0,1,0,1,0
3,-0.24298770401782244,-0.47908676070718687,-0.444999501816175,-0.5020826742050406,-0.5583460543187373,-0.6191736503203585,1,0,1,0,1,0,0,0,0,0,0,0,0,0,1,0,0,0,1,0
1,1.6170021008281232,-0.47908676070718687,0.7107630931786129,0.5432554778209294,0.07335229062787217,-0.05710824930139227,1,0,0,0,1,0,0,0,0,0,0,0,0,0,1,0,1,0,1,0
3,-0.9869836259562007,-0.47908676070718687,-0.444999501816175,-0.4939468291401018,-0.5583460543187373,-0.6191736503203585,0,1,0,1,0,0,0,0,0,0,0,0,0,0,1,0,0,1,0,0
3,0.05461066475752886,-0.47908676070718687,-0.444999501816175,-0.48782367768557205,-0.5583460543187373,-0.6191736503203585,1,0,1,0,1,0,0,0,0,0,0,0,0,0,1,0,0,0,1,0
3,-0.24298770401782244,-0.47908676070718687,-0.444999501816175,-0.4759814602371998,-0.5583460543187373,-0.6191736503203585,1,0,1,0,1,0,0,0,0,0,0,0,0,0,1,0,0,0,1,0
3,-1.7309795478945789,7.203909499822155,1.8665256881734007,0.7012316252938433,5.758637395147358,5.001480359869304,1,0,1,0,0,0,0,0,0,0,0,0,0,0,1,1,0,0,0,0
3,1.0962049554712583,-0.47908676070718687,0.7107630931786129,-0.3321831055069656,0.07335229062787217,-0.05710824930139227,1,0,1,0,1,0,0,0,0,0,0,0,0,0,1,0,1,0,1,0
2,0.7986065866959071,-0.47908676070718687,-0.444999501816175,-0.3389500869060355,-0.5583460543187373,-0.05710824930139227,0,0,1,0,0,1,0,0,0,0,0,0,0,0,1,0,0,0,1,0
3,-0.24298770401782244,-0.47908676070718687,-0.444999501816175,-0.4931405916419841,-0.5583460543187373,-0.6191736503203585,1,0,1,0,1,0,0,0,0,0,0,0,0,0,1,0,0,0,1,0
3,-0.9125840337623629,-0.47908676070718687,-0.444999501816175,-0.4759814602371998,-0.5583460543187373,-0.6191736503203585,1,0,1,0,1,0,0,0,0,0,0,0,0,0,1,0,0,1,0,0
3,-2.102977508863768,3.3624113695574844,0.7107630931786129,0.12386310520891992,2.6001456704143098,2.753218755793439,1,0,1,0,0,0,0,0,0,0,0,0,0,0,1,1,0,0,0,0
3,-1.5077807713130655,-0.47908676070718687,1.8665256881734007,-0.24662912639015405,0.7050506355744817,0.5049571517175739,1,0,1,0,0,0,0,0,0,0,0,0,0,0,1,0,1,0,0,0
1,1.1706045476650961,-0.47908676070718687,0.7107630931786129,0.4199185414182256,0.07335229062787217,-0.05710824930139227,0,0,1,0,0,1,0,0,0,0,1,0,0,0,0,0,1,0,1,0
3,1.1706045476650961,0.481287771858981,4.178050878162977,-0.10403916119546806,2.6001456704143098,2.191153354774473,0,0,1,0,0,1,0,0,0,0,0,0,0,0,1,1,0,0,1,0
1,0.9102059749866638,-0.47908676070718687,-0.444999501816175,-0.14222427051879072,-0.5583460543187373,-0.6191736503203585,1,0,1,0,1,0,0,0,0,0,0,0,0,0,1,0,0,0,1,0
3,-0.0941885196301468,-0.47908676070718687,-0.444999501816175,0.4488386864945933,-0.5583460543187373,3.3152841568124054,1,0,1,0,1,0,0,0,0,0,0,0,0,0,1,0,0,0,1,0
1,2.3609980227665015,-0.47908676070718687,-0.444999501816175,0.004232541189649462,-0.5583460543187373,-0.6191736503203585,1,0,1,0,1,0,0,1,0,0,0,0,0,0,0,0,0,0,0,1
3,-1.8797787322822546,3.3624113695574844,0.7107630931786129,-0.08035472629872359,2.6001456704143098,2.191153354774473,1,1,0,0,0,0,0,0,0,0,0,0,0,0,1,1,0,0,0,0
3,-2.102977508863768,0.481287771858981,0.7107630931786129,-0.4282104384062805,0.7050506355744817,0.5049571517175739,0,0,1,1,0,0,0,0,0,0,0,0,0,0,1,0,1,0,0,0
3,-0.6149856649870116,-0.47908676070718687,-0.444999501816175,-0.4902404567566684,-0.5583460543187373,-0.6191736503203585,1,0,1,0,1,0,0,0,0,0,0,0,0,0,1,0,0,0,1,0
1,1.9890000617973123,-0.47908676070718687,-0.444999501816175,-0.049984513779698155,-0.5583460543187373,-0.6191736503203585,1,0,0,0,1,0,0,0,0,0,0,0,0,0,0,0,0,0,1,0
3,-0.838184441568525,0.481287771858981,0.7107630931786129,-0.4916093204225374,0.7050506355744817,-0.6191736503203585,1,0,1,0,1,0,0,0,0,0,0,0,0,0,1,0,1,1,0,0
3,-1.7309795478945789,2.4020368369913165,0.7107630931786129,-0.15108514930505848,1.9684473254677004,1.6290879537555065,1,0,1,0,0,0,0,0,0,0,0,0,0,0,1,1,0,0,0,0
1,1.5426025086342854,-0.47908676070718687,-0.444999501816175,-0.08833009723334165,-0.5583460543187373,-0.6191736503203585,0,0,0,1,0,0,0,0,1,0,0,0,0,0,0,0,0,0,1,0
2,0.05461066475752886,-0.47908676070718687,-0.444999501816175,-0.3921192264701557,-0.5583460543187373,-0.6191736503203585,1,0,1,0,1,0,0,0,0,0,0,0,0,0,1,0,0,0,1,0
3,0.5010082179205558,-0.47908676070718687,-0.444999501816175,-0.6434642498641785,-0.5583460543187373,1.0670225527365402,1,0,1,0,1,0,0,0,0,0,0,0,0,0,1,0,0,0,1,0
3,-0.838184441568525,7.203909499822155,1.8665256881734007,0.7012316252938433,5.758637395147358,5.001480359869304,0,0,1,1,0,0,0,0,0,0,0,0,0,0,1,1,0,1,0,0
2,0.05461066475752886,-0.47908676070718687,-0.444999501816175,-0.35248404970417513,-0.5583460543187373,-0.6191736503203585,1,0,0,0,1,0,0,0,0,0,0,0,0,0,1,0,0,0,1,0
3,-1.5077807713130655,3.3624113695574844,1.8665256881734007,-0.036611025111879254,3.2318440153609194,2.753218755793439,1,0,1,0,0,0,0,0,0,0,0,0,0,0,1,1,0,0,0,0
2,-2.102977508863768,1.4416623044251486,0.7107630931786129,0.11057082031788987,1.3367489805210908,1.0670225527365402,1,0,1,0,0,0,0,0,0,0,0,1,0,0,0,0,1,0,0,0
3,-1.8797787322822546,-0.47908676070718687,1.8665256881734007,-0.21762777753699758,0.7050506355744817,0.5049571517175739,0,0,1,1,0,0,0,0,0,0,0,0,0,0,1,0,1,0,0,0
1,0.9102059749866638,-0.47908676070718687,-0.444999501816175,0.3232473785743707,-0.5583460543187373,-0.6191736503203585,1,0,1,0,1,0,0,0,0,0,0,0,0,0,0,0,0,0,1,0
3,0.12901025695136667,0.481287771858981,-0.444999501816175,-0.3437836450482282,0.07335229062787217,-0.05710824930139227,0,1,0,0,0,1,0,0,0,0,0,0,0,0,1,0,1,0,1,0
1,1.1706045476650961,-0.47908676070718687,-0.444999501816175,-0.13014037516330884,-0.5583460543187373,-0.6191736503203585,1,0,1,0,1,0,0,0,0,0,0,0,0,0,1,0,0,0,1,0
3,0.7986065866959071,0.481287771858981,0.7107630931786129,-0.3437836450482282,0.7050506355744817,-0.05710824930139227,1,1,0,0,1,0,0,0,0,0,0,0,0,0,1,0,1,0,1,0
3,0.5010082179205558,-0.47908676070718687,-0.444999501816175,-0.4908050163476765,-0.5583460543187373,-0.6191736503203585,1,0,1,0,1,0,0,0,0,0,0,0,0,0,1,0,0,0,1,0
2,0.20340984914520452,-0.47908676070718687,-0.444999501816175,-0.3921192264701557,-0.5583460543187373,-0.6191736503203585,0,0,1,0,0,1,0,0,0,0,0,0,0,0,1,0,0,0,1,0
2,-0.7637848493746872,-0.47908676070718687,-0.444999501816175,-0.3921192264701557,-0.5583460543187373,-0.6191736503203585,1,0,1,0,1,0,0,0,0,0,0,0,0,0,1,0,0,0,1,0
3,-0.7637848493746872,0.481287771858981,-0.444999501816175,-0.4916093204225374,0.07335229062787217,-0.6191736503203585,0,0,1,1,0,0,0,0,0,0,0,0,0,0,1,0,1,0,1,0
2,-1.9541783244760924,0.481287771858981,0.7107630931786129,-0.14077420307613292,0.7050506355744817,0.5049571517175739,1,0,1,0,0,0,0,0,0,0,0,1,0,0,0,0,1,0,0,0
1,1.0962049554712583,-0.47908676070718687,-0.444999501816175,-0.10750385567179178,-0.5583460543187373,-0.6191736503203585,0,0,0,0,0,1,0,1,0,0,0,0,0,0,0,0,0,0,1,0
1,2.1377992461849877,-0.47908676070718687,-0.444999501816175,2.189402973498201,-0.5583460543187373,0.5049571517175739,0,0,0,1,0,0,0,1,0,0,0,0,0,0,0,0,0,0,1,0
3,-0.24298770401782244,-0.47908676070718687,-0.444999501816175,-0.49362394745620336,-0.5583460543187373,-0.6191736503203585,1,1,0,0,1,0,0,0,0,0,0,0,0,0,1,0,0,0,1,0
3,0.9474057710835827,-0.47908676070718687,0.7107630931786129,-0.4809754925097134,0.07335229062787217,-0.6191736503203585,1,0,1,0,1,0,0,0,0,0,0,0,0,0,1,0,1,0,1,0
3,-0.838184441568525,-0.47908676070718687,-0.444999501816175,-0.49362394745620336,-0.5583460543187373,-0.6191736503203585,0,1,0,1,0,0,0,0,0,0,0,0,0,0,1,0,0,1,0,0
2,-0.3917868884054981,-0.47908676070718687,-0.444999501816175,-0.3921192264701557,-0.5583460543187373,-0.6191736503203585,0,0,1,1,0,0,0,0,0,0,0,0,0,0,1,0,0,0,1,0
3,-0.0941885196301468,-0.47908676070718687,-0.444999501816175,-0.4597890404608541,-0.5583460543187373,-0.6191736503203585,1,0,1,0,1,0,0,0,0,0,0,0,0,0,1,0,0,0,1,0
3,-0.24298770401782244,7.203909499822155,1.8665256881734007,0.7012316252938433,5.758637395147358,5.001480359869304,1,0,1,0,1,0,0,0,0,0,0,0,0,0,1,1,0,0,1,0
3,0.35220903353288013,-0.47908676070718687,-0.444999501816175,-0.5178729419439559,-0.5583460543187373,-0.6191736503203585,1,0,1,0,1,0,0,0,0,0,0,0,0,0,1,0,0,0,1,0
3,1.2078043437620152,-0.47908676070718687,-0.444999501816175,-0.5037744195548081,-0.5583460543187373,-0.6191736503203585,1,0,0,0,1,0,0,0,0,0,0,0,0,0,1,0,0,0,1,0
3,-0.838184441568525,-0.47908676070718687,-0.444999501816175,-0.48782367768557205,-0.5583460543187373,-0.6191736503203585,1,0,1,0,1,0,0,0,0,0,0,0,0,0,1,0,0,1,0,0
3,-2.02857791666993,-0.47908676070718687,0.7107630931786129,-0.44117984161341206,0.07335229062787217,-0.05710824930139227,0,0,1,1,0,0,0,0,0,0,0,0,1,0,0,0,1,0,0,0
3,0.20340984914520452,0.481287771858981,-0.444999501816175,-0.33701666364915833,0.07335229062787217,-0.05710824930139227,1,0,1,0,1,0,0,0,0,0,0,0,0,0,1,0,1,0,1,0
3,-0.24298770401782244,-0.47908676070718687,-0.444999501816175,-0.2802223554783936,-0.5583460543187373,-0.05710824930139227,1,0,0,0,1,0,0,0,0,0,0,0,0,0,1,0,0,0,1,0
3,-0.9869836259562007,-0.47908676070718687,-0.444999501816175,-0.49362394745620336,-0.5583460543187373,-0.6191736503203585,0,1,0,1,0,0,0,0,0,0,0,0,0,0,1,0,0,1,0,0
1,0.7986065866959071,-0.47908676070718687,-0.444999501816175,-0.04410304023227799,-0.5583460543187373,-0.6191736503203585,1,0,0,0,1,0,0,0,0,0,0,0,0,0,0,0,0,0,1,0
3,-0.3917868884054981,-0.47908676070718687,-0.444999501816175,-0.507157910254343,-0.5583460543187373,-0.6191736503203585,1,0,1,0,1,0,0,0,0,0,0,0,0,0,1,0,0,0,1,0
2,0.426608625726718,-0.47908676070718687,-0.444999501816175,-0.23744536591998783,-0.5583460543187373,-0.05710824930139227,0,0,1,1,0,0,0,0,0,0,0,0,0,0,1,0,0,0,1,0
3,-0.5405860727931737,-0.47908676070718687,-0.444999501816175,-0.5032910637405889,-0.5583460543187373,-0.6191736503203585,1,0,1,0,1,0,0,0,0,0,0,0,0,0,1,0,0,0,1,0
2,0.05461066475752886,-0.47908676070718687,-0.444999501816175,-0.3921192264701557,-0.5583460543187373,-0.6191736503203585,1,0,1,0,1,0,0,0,0,0,0,0,0,0,1,0,0,0,1,0
3,-0.24298770401782244,0.481287771858981,-0.444999501816175,-0.49362394745620336,0.07335229062787217,-0.6191736503203585,1,1,0,0,1,0,0,0,0,0,0,0,0,0,1,0,1,0,1,0
1,0.12901025695136667,0.481287771858981,-0.444999501816175,1.5466209443633547,0.07335229062787217,0.5049571517175739,0,0,0,1,0,0,0,0,0,1,0,0,0,0,0,0,1,0,1,0
3,-0.16858811182398462,-0.47908676070718687,-0.444999501816175,-0.4902404567566684,-0.5583460543187373,-0.6191736503203585,0,0,1,1,0,0,0,0,0,0,0,0,0,0,1,0,0,0,1,0
2,0.9474057710835827,0.481287771858981,-0.444999501816175,-0.12143997050736192,0.07335229062787217,-0.05710824930139227,1,0,1,0,1,0,0,0,0,0,0,0,0,0,1,0,1,0,1,0
1,0.20340984914520452,-0.47908676070718687,-0.444999501816175,0.8315772210027268,-0.5583460543187373,-0.05710824930139227,0,0,0,1,0,0,0,0,0,1,0,0,0,0,0,0,0,0,1,0
2,0.05461066475752886,-0.47908676070718687,-0.444999501816175,-0.44045480789208313,-0.5583460543187373,-0.6191736503203585,1,0,1,0,1,0,0,0,0,0,0,0,0,0,1,0,0,0,1,0
3,-0.9869836259562007,-0.47908676070718687,-0.444999501816175,-0.48782367768557205,-0.5583460543187373,-0.6191736503203585,1,0,1,0,1,0,0,0,0,0,0,0,0,0,1,0,0,1,0,0
2,-0.16858811182398462,-0.47908676070718687,-0.444999501816175,-0.3921192264701557,-0.5583460543187373,-0.6191736503203585,1,0,1,0,1,0,0,0,0,0,0,0,0,0,1,0,0,0,1,0
3,1.6170021008281232,-0.47908676070718687,-0.444999501816175,-0.48782367768557205,-0.5583460543187373,-0.6191736503203585,1,0,1,0,1,0,0,0,0,0,0,0,0,0,1,0,0,0,1,0
3,-0.24298770401782244,-0.47908676070718687,-0.444999501816175,-0.4908050163476765,-0.5583460543187373,-0.6191736503203585,1,0,1,0,1,0,0,0,0,0,0,0,0,0,1,0,0,0,1,0
1,0.6498074023082314,0.481287771858981,-0.444999501816175,1.09661668132521,0.07335229062787217,-0.05710824930139227,1,0,1,0,1,0,0,0,1,0,0,0,0,0,0,0,1,0,1,0
3,-0.5405860727931737,-0.47908676070718687,-0.444999501816175,-0.46268917534616977,-0.5583460543187373,-0.6191736503203585,1,0,1,0,1,0,0,0,0,0,0,0,0,0,1,0,0,0,1,0
2,-0.7637848493746872,-0.47908676070718687,-0.444999501816175,-0.44045480789208313,-0.5583460543187373,-0.6191736503203585,1,0,1,0,1,0,0,0,0,0,0,0,0,0,1,0,0,0,1,0
3,-0.6521854610839305,-0.47908676070718687,-0.444999501816175,-0.5032910637405889,-0.5583460543187373,-0.6191736503203585,1,0,1,0,1,0,0,0,0,0,0,0,0,0,1,0,0,0,1,0
2,-0.838184441568525,-0.47908676070718687,-0.444999501816175,-0.3921192264701557,-0.5583460543187373,-0.6191736503203585,1,0,1,0,1,0,0,0,0,0,0,0,0,0,1,0,0,1,0,0
3,-0.838184441568525,2.4020368369913165,0.7107630931786129,-0.15108514930505848,1.9684473254677004,1.6290879537555065,0,0,1,1,0,0,0,0,0,0,0,0,0,0,1,1,0,1,0,0
1,0.426608625726718,0.481287771858981,-0.444999501816175,0.9704608138139792,0.07335229062787217,-0.05710824930139227,0,0,1,0,0,1,0,0,1,0,0,0,0,0,0,0,1,0,1,0
3,-0.019788927436308962,-0.47908676070718687,-0.444999501816175,-0.4931405916419841,-0.5583460543187373,-0.6191736503203585,1,0,1,0,1,0,0,0,0,0,0,0,0,0,1,0,0,0,1,0
2,2.212198838378826,-0.47908676070718687,-0.444999501816175,-0.3824521101857702,-0.5583460543187373,-0.6191736503203585,1,0,1,0,1,0,0,0,0,0,0,0,0,0,1,0,0,0,1,0
3,-1.8053791400884167,3.3624113695574844,1.8665256881734007,-0.036611025111879254,3.2318440153609194,2.753218755793439,0,0,1,1,0,0,0,0,0,0,0,0,0,0,1,1,0,0,0,0
2,-0.3917868884054981,-0.47908676070718687,-0.444999501816175,-0.44045480789208313,-0.5583460543187373,-0.6191736503203585,1,0,1,0,1,0,0,0,0,0,0,0,0,0,1,0,0,0,1,0
3,-0.838184441568525,-0.47908676070718687,-0.444999501816175,-0.49749079396995755,-0.5583460543187373,-0.6191736503203585,0,0,1,1,0,0,0,0,0,0,0,0,0,0,1,0,0,1,0,0
2,1.0962049554712583,0.481287771858981,-0.444999501816175,-0.14077420307613292,0.07335229062787217,-0.05710824930139227,1,0,1,0,1,0,0,0,0,0,0,0,0,0,1,0,1,0,1,0
2,-1.5821803635069032,-0.47908676070718687,1.8665256881734007,-0.13594064493394017,0.7050506355744817,0.5049571517175739,0,0,1,1,0,0,0,0,0,0,0,0,0,0,1,0,1,0,0,0
2,-0.7637848493746872,-0.47908676070718687,-0.444999501816175,-0.44045480789208313,-0.5583460543187373,-0.6191736503203585,1,0,1,0,1,0,0,0,0,0,0,0,0,0,1,0,0,0,1,0
2,0.27780944133904234,-0.47908676070718687,-0.444999501816175,-0.4061365450825147,-0.5583460543187373,-0.6191736503203585,1,0,1,0,1,0,0,0,0,0,0,0,0,0,1,0,0,0,1,0
3,-0.838184441568525,0.481287771858981,-0.444999501816175,-0.3640033854686489,0.07335229062787217,-0.05710824930139227,0,0,0,1,0,0,0,0,0,0,0,0,0,0,1,0,1,1,0,0
3,-0.838184441568525,0.481287771858981,-0.444999501816175,-0.3437836450482282,0.07335229062787217,-0.05710824930139227,0,1,0,1,0,0,0,0,0,0,0,0,0,0,1,0,1,1,0,0
2,-0.019788927436308962,-0.47908676070718687,-0.444999501816175,-0.44045480789208313,-0.5583460543187373,-0.6191736503203585,1,0,1,0,1,0,0,0,0,0,0,0,0,0,1,0,0,0,1,0
3,-0.5405860727931737,-0.47908676070718687,-0.444999501816175,-0.5057078428116852,-0.5583460543187373,-0.6191736503203585,1,0,1,0,1,0,0,0,0,0,0,0,0,0,1,0,0,0,1,0
3,0.05461066475752886,-0.47908676070718687,-0.444999501816175,-0.5037744195548081,-0.5583460543187373,-0.6191736503203585,1,0,0,0,1,0,0,0,0,0,0,0,0,0,1,0,0,0,1,0
1,1.0962049554712583,1.4416623044251486,-0.444999501816175,1.09661668132521,0.7050506355744817,0.5049571517175739,1,1,0,0,0,0,1,0,1,0,0,0,0,0,0,0,1,0,1,0
3,-0.3173872962116603,-0.47908676070718687,-0.444999501816175,-0.4931405916419841,-0.5583460543187373,-0.6191736503203585,0,0,1,1,0,0,0,0,0,0,0,0,0,0,1,0,0,0,1,0
2,-0.3917868884054981,-0.47908676070718687,1.8665256881734007,-0.3631178776169992,0.7050506355744817,-0.05710824930139227,0,0,1,0,0,1,0,0,0,0,0,0,0,0,1,0,1,0,1,0
1,0.5754078101143936,0.481287771858981,0.7107630931786129,0.37263087540152556,0.7050506355744817,-0.05710824930139227,1,0,1,0,1,0,0,0,0,1,0,0,0,0,0,0,1,0,1,0
2,1.8402008774096366,0.481287771858981,-0.444999501816175,-0.14077420307613292,0.07335229062787217,-0.05710824930139227,1,0,1,0,0,0,1,0,0,0,0,0,0,0,1,0,1,0,1,0
3,-0.24298770401782244,-0.47908676070718687,-0.444999501816175,-0.5032910637405889,-0.5583460543187373,-0.6191736503203585,1,0,1,0,1,0,0,0,0,0,0,0,0,0,1,0,0,0,1,0
3,-0.019788927436308962,0.481287771858981,0.7107630931786129,-0.44117984161341206,0.7050506355744817,-0.05710824930139227,0,0,1,0,0,1,0,0,0,0,0,0,1,0,0,0,1,0,1,0
1,2.4353976149603396,-0.47908676070718687,-0.444999501816175,-0.13014037516330884,-0.5583460543187373,-0.6191736503203585,1,0,1,0,1,0,0,0,1,0,0,0,0,0,0,0,0,0,0,1
3,0.05461066475752886,0.481287771858981,-0.444999501816175,-0.3321831055069656,0.07335229062787217,-0.05710824930139227,1,0,1,0,1,0,0,0,0,0,0,0,0,0,1,0,1,0,1,0
3,0.873006178889745,-0.47908676070718687,1.8665256881734007,-0.252671074067895,0.7050506355744817,0.5049571517175739,0,0,1,0,0,1,0,0,0,0,0,0,0,0,1,0,1,0,1,0
3,-0.019788927436308962,-0.47908676070718687,1.8665256881734007,-0.34869840696720983,0.7050506355744817,0.5049571517175739,0,0,0,0,0,1,0,0,0,0,0,0,0,0,1,0,1,0,1,0
1,1.1706045476650961,-0.47908676070718687,-0.444999501816175,0.8878069695824834,-0.5583460543187373,-0.05710824930139227,0,0,0,0,0,1,0,0,0,0,0,0,0,0,1,0,0,0,1,0
1,0.05461066475752886,-0.47908676070718687,-0.444999501816175,1.0289468673345115,-0.5583460543187373,0.5049571517175739,0,0,1,1,0,0,0,1,0,0,0,0,0,0,0,0,0,0,1,0
1,0.426608625726718,-0.47908676070718687,-0.444999501816175,9.262027654708204,-0.5583460543187373,1.0670225527365402,0,0,0,1,0,0,0,0,0,0,0,0,0,0,1,0,0,0,1,0
2,1.5426025086342854,-0.47908676070718687,0.7107630931786129,-0.14077420307613292,0.07335229062787217,-0.05710824930139227,0,0,1,0,0,1,0,0,0,0,0,0,0,0,1,0,1,0,1,0
3,-0.24298770401782244,-0.47908676070718687,-0.444999501816175,-0.49362394745620336,-0.5583460543187373,-0.6191736503203585,1,1,0,0,1,0,0,0,0,0,0,0,0,0,1,0,0,0,1,0
3,-1.9541783244760924,3.3624113695574844,1.8665256881734007,-0.036611025111879254,3.2318440153609194,2.753218755793439,1,0,1,0,0,0,0,0,0,0,0,0,0,0,1,1,0,0,0,0
1,1.691401693021961,0.481287771858981,0.7107630931786129,0.8965073742384304,0.7050506355744817,0.5049571517175739,1,0,1,0,1,0,0,0,0,0,1,0,0,0,0,0,1,0,1,0
1,0.7986065866959071,-0.47908676070718687,-0.444999501816175,-0.6434642498641785,-0.5583460543187373,-0.6191736503203585,1,0,1,0,1,0,0,1,0,0,0,0,0,0,0,0,0,0,1,0
3,-0.838184441568525,-0.47908676070718687,-0.444999501816175,-0.49362394745620336,-0.5583460543187373,-0.6191736503203585,0,1,0,1,0,0,0,0,0,0,0,0,0,0,1,0,0,1,0,0
2,0.5010082179205558,-0.47908676070718687,-0.444999501816175,-0.44045480789208313,-0.5583460543187373,-0.6191736503203585,1,0,1,0,1,0,0,0,0,0,0,0,0,0,1,0,0,0,1,0
3,-0.9869836259562007,3.3624113695574844,0.7107630931786129,0.12386310520891992,2.6001456704143098,2.753218755793439,1,0,1,0,1,0,0,0,0,0,0,0,0,0,1,1,0,1,0,0
3,-0.3173872962116603,0.481287771858981,-0.444999501816175,-0.4931405916419841,0.07335229062787217,-0.6191736503203585,1,0,1,0,1,0,0,0,0,0,0,0,0,0,1,0,1,0,1,0
1,2.1377992461849877,-0.47908676070718687,0.7107630931786129,2.3236154157208384,0.07335229062787217,0.5049571517175739,0,0,1,0,0,1,0,0,1,0,0,0,0,0,0,0,1,0,1,0
1,0.426608625726718,-0.47908676070718687,-0.444999501816175,1.9789015164057067,-0.5583460543187373,1.0670225527365402,0,0,1,1,0,0,0,0,1,0,0,0,0,0,0,0,0,0,1,0
1,0.9102059749866638,-0.47908676070718687,-0.444999501816175,-0.04410304023227799,-0.5583460543187373,-0.05710824930139227,1,0,1,0,1,0,0,0,0,0,0,0,0,0,1,0,0,0,1,0
3,-0.3173872962116603,-0.47908676070718687,-0.444999501816175,-0.6434642498641785,-0.5583460543187373,1.0670225527365402,1,0,1,0,1,0,0,0,0,0,0,0,0,0,1,0,0,0,1,0
2,0.873006178889745,-0.47908676070718687,0.7107630931786129,-0.2664467147731443,0.07335229062787217,-0.05710824930139227,0,0,1,0,0,1,0,0,0,0,0,0,0,0,1,0,1,0,1,0
1,0.5754078101143936,-0.47908676070718687,0.7107630931786129,-0.06923754257168029,0.07335229062787217,-0.6191736503203585,1,0,0,0,1,0,0,0,1,0,0,0,0,0,0,0,1,0,1,0
3,-0.838184441568525,-0.47908676070718687,-0.444999501816175,-0.49362394745620336,-0.5583460543187373,-0.6191736503203585,0,1,0,1,0,0,0,0,0,0,0,0,0,0,1,0,0,1,0,0
1,2.509797207154177,0.481287771858981,-0.444999501816175,0.8637996530018404,0.07335229062787217,0.5049571517175739,0,0,1,1,0,0,0,0,0,1,0,0,0,0,0,0,1,0,0,1
3,1.1706045476650961,-0.47908676070718687,-0.444999501816175,-0.49362394745620336,-0.5583460543187373,-0.6191736503203585,0,0,1,1,0,0,0,0,0,0,0,0,0,0,1,0,0,0,1,0
2,0.05461066475752886,-0.47908676070718687,-0.444999501816175,-0.6434642498641785,-0.5583460543187373,0.5049571517175739,1,0,1,0,1,0,0,0,0,0,0,0,0,0,1,0,0,0,1,0
3,-1.656579955700741,3.3624113695574844,0.7107630931786129,-0.08035472629872359,2.6001456704143098,2.191153354774473,1,1,0,0,0,0,0,0,0,0,0,0,0,0,1,1,0,0,0,0
3,0.426608625726718,0.481287771858981,0.7107630931786129,-0.25194604034656604,0.7050506355744817,0.5049571517175739,0,0,1,0,0,1,0,0,0,0,0,0,0,0,1,0,1,0,1,0
3,2.658596391541853,-0.47908676070718687,-0.444999501816175,-0.49362394745620336,-0.5583460543187373,-0.6191736503203585,1,1,0,0,1,0,0,0,0,0,0,0,0,0,1,0,0,0,0,1
3,-0.0941885196301468,-0.47908676070718687,-0.444999501816175,-0.4916093204225374,-0.5583460543187373,-0.6191736503203585,1,0,1,0,1,0,0,0,0,0,0,0,0,0,1,0,0,0,1,0
3,-0.9869836259562007,-0.47908676070718687,-0.444999501816175,-0.4597890404608541,-0.5583460543187373,-0.6191736503203585,1,0,1,0,1,0,0,0,0,0,0,0,0,0,1,0,0,1,0,0
3,-0.7637848493746872,-0.47908676070718687,-0.444999501816175,-0.48782367768557205,-0.5583460543187373,-0.6191736503203585,1,0,1,0,1,0,0,0,0,0,0,0,0,0,1,0,0,0,1,0
1,0.9102059749866638,-0.47908676070718687,-0.444999501816175,-0.14077420307613292,-0.5583460543187373,-0.6191736503203585,1,0,1,0,1,0,0,0,0,0,0,0,0,0,0,0,0,0,1,0
3,0.27780944133904234,-0.47908676070718687,-0.444999501816175,-0.4759814602371998,-0.5583460543187373,-0.6191736503203585,1,0,0,0,1,0,0,0,0,0,0,0,0,0,1,0,0,0,1,0
3,0.05461066475752886,-0.47908676070718687,-0.444999501816175,-0.4597890404608541,-0.5583460543187373,-0.6191736503203585,1,0,1,0,1,0,0,0,0,0,0,0,0,0,1,0,0,0,1,0
3,-0.5405860727931737,-0.47908676070718687,-0.444999501816175,-0.4908050163476765,-0.5583460543187373,-0.6191736503203585,1,0,1,0,1,0,0,0,0,0,0,0,0,0,1,0,0,0,1,0
2,0.9474057710835827,-0.47908676070718687,-0.444999501816175,-0.3921192264701557,-0.5583460543187373,-0.6191736503203585,1,0,1,0,1,0,0,0,0,0,0,0,0,0,1,0,0,0,1,0
3,-0.5405860727931737,-0.47908676070718687,-0.444999501816175,-0.49362394745620336,-0.5583460543187373,-0.6191736503203585,0,1,0,1,0,0,0,0,0,0,0,0,0,0,1,0,0,0,1,0
1,-0.24298770401782244,-0.47908676070718687,-0.444999501816175,0.8810399881834134,-0.5583460543187373,0.5049571517175739,0,0,1,1,0,0,0,0,0,0,0,0,0,0,1,0,0,0,1,0
1,-0.7637848493746872,0.481287771858981,-0.444999501816175,1.1174821851134276,0.07335229062787217,-0.05710824930139227,0,0,0,0,0,1,0,1,0,0,0,0,0,0,0,0,1,0,1,0
2,0.5010082179205558,-0.47908676070718687,-0.444999501816175,-0.39453600554125207,-0.5583460543187373,-0.6191736503203585,1,0,0,0,1,0,0,0,0,1,0,0,0,0,0,0,0,0,1,0
3,-0.3917868884054981,-0.47908676070718687,-0.444999501816175,-0.47235629163055526,-0.5583460543187373,-0.6191736503203585,0,0,1,1,0,0,0,0,0,0,0,0,0,0,1,0,0,0,1,0
3,-0.3917868884054981,-0.47908676070718687,-0.444999501816175,-0.4908050163476765,-0.5583460543187373,-0.6191736503203585,1,0,1,0,1,0,0,0,0,0,0,0,0,0,1,0,0,0,1,0
1,0.9102059749866638,-0.47908676070718687,-0.444999501816175,-0.10750385567179178,-0.5583460543187373,-0.6191736503203585,1,0,0,0,1,0,0,0,0,0,0,0,0,0,1,0,0,0,1,0
3,-0.428986684502417,-0.47908676070718687,-0.444999501816175,-0.5036932157780193,-0.5583460543187373,-0.6191736503203585,1,0,0,0,1,0,0,0,0,0,0,0,0,0,1,0,0,0,1,0
1,-2.02857791666993,0.481287771858981,1.8665256881734007,2.286638695933064,1.3367489805210908,2.191153354774473,0,0,1,1,0,0,0,0,1,0,0,0,0,0,0,0,1,0,0,0
1,0.9102059749866638,-0.47908676070718687,-0.444999501816175,-0.05377015651666348,-0.5583460543187373,-0.6191736503203585,1,0,1,0,1,0,0,0,1,0,0,0,0,0,0,0,0,0,1,0
1,1.5426025086342854,-0.47908676070718687,0.7107630931786129,4.14216046294407,0.07335229062787217,0.5049571517175739,0,0,0,0,0,1,0,1,0,0,0,0,0,0,0,0,1,0,1,0
3,-0.838184441568525,-0.47908676070718687,-0.444999501816175,-0.49362394745620336,-0.5583460543187373,-0.6191736503203585,0,1,0,1,0,0,0,0,0,0,0,0,0,0,1,0,0,1,0,0
3,-0.24298770401782244,1.4416623044251486,-0.444999501816175,-0.19394334264025312,0.7050506355744817,0.5049571517175739,1,1,0,0,1,0,0,0,0,0,0,0,0,0,1,0,1,0,1,0
3,-0.7637848493746872,-0.47908676070718687,-0.444999501816175,-0.6434642498641785,-0.5583460543187373,1.0670225527365402,1,0,1,0,1,0,0,0,0,0,0,0,0,0,1,0,0,0,1,0
2,-0.6893852571808494,-0.47908676070718687,-0.444999501816175,-0.40468647763985677,-0.5583460543187373,-0.6191736503203585,0,1,0,1,0,0,0,0,0,0,1,0,0,0,0,0,0,0,1,0
3,-0.24298770401782244,-0.47908676070718687,-0.444999501816175,-0.48782367768557205,-0.5583460543187373,-0.6191736503203585,1,0,1,0,1,0,0,0,0,0,0,0,0,0,1,0,0,0,1,0
1,-2.108929476239275,0.481287771858981,1.8665256881734007,2.286638695933064,1.3367489805210908,2.191153354774473,1,0,1,0,0,0,0,0,1,0,0,0,0,0,0,0,1,0,0,0
1,0.05461066475752886,-0.47908676070718687,-0.444999501816175,1.5003792603286252,-0.5583460543187373,1.0670225527365402,0,0,0,1,0,0,0,0,0,0,0,0,0,0,1,0,0,0,1,0
1,-0.9125840337623629,0.481287771858981,-0.444999501816175,1.4620336768749818,0.07335229062787217,0.5049571517175739,0,0,0,0,0,1,0,0,1,0,0,0,0,0,0,0,1,1,0,0
2,0.05461066475752886,0.481287771858981,-0.444999501816175,-0.17944266821367488,0.07335229062787217,-0.05710824930139227,1,0,0,0,1,0,0,0,0,0,0,0,0,0,1,0,1,0,1,0
1,0.05461066475752886,-0.47908676070718687,-0.444999501816175,0.4572181428898986,-0.5583460543187373,-0.05710824930139227,0,0,0,1,0,0,0,0,0,0,1,0,0,0,0,0,0,0,1,0
1,-0.3917868884054981,-0.47908676070718687,-0.444999501816175,0.9643376623594495,-0.5583460543187373,0.5049571517175739,0,0,0,1,0,0,0,0,1,0,0,0,0,0,0,0,0,0,1,0
1,-0.838184441568525,1.4416623044251486,1.8665256881734007,4.429355020367108,1.9684473254677004,2.753218755793439,0,0,0,1,0,0,0,1,0,0,0,0,0,0,0,1,0,1,0,0
2,-0.24298770401782244,0.481287771858981,0.7107630931786129,-0.14077420307613292,0.7050506355744817,-0.05710824930139227,0,0,1,0,0,1,0,0,0,0,0,0,0,0,1,0,1,0,1,0
3,-0.0941885196301468,-0.47908676070718687,-0.444999501816175,-0.4908050163476765,-0.5583460543187373,-0.6191736503203585,1,0,1,0,1,0,0,0,0,0,0,0,0,0,1,0,0,0,1,0
2,1.0218053632774207,0.481287771858981,0.7107630931786129,-0.13594064493394017,0.7050506355744817,0.5049571517175739,1,0,1,0,1,0,0,0,0,0,0,0,0,0,1,0,1,0,1,0
3,-0.24298770401782244,-0.47908676070718687,-0.444999501816175,-0.4916093204225374,-0.5583460543187373,-0.6191736503203585,0,0,1,1,0,0,0,0,0,0,0,0,0,0,1,0,0,0,1,0
2,-0.3917868884054981,0.481287771858981,-0.444999501816175,-0.14077420307613292,0.07335229062787217,-0.05710824930139227,0,0,1,0,0,1,0,0,0,0,0,0,0,0,1,0,1,0,1,0
2,1.8402008774096366,-0.47908676070718687,-0.444999501816175,-0.3727849939013847,-0.5583460543187373,-0.6191736503203585,1,0,1,0,0,0,1,0,0,0,0,0,0,0,1,0,0,0,1,0
1,0.12901025695136667,-0.47908676070718687,1.8665256881734007,2.544106870781617,0.7050506355744817,1.0670225527365402,0,0,1,1,0,0,0,0,1,0,0,0,0,0,0,0,1,0,1,0
1,0.7986065866959071,0.481287771858981,0.7107630931786129,1.9569900306355188,0.7050506355744817,1.6290879537555065,0,0,0,0,0,1,0,0,0,0,1,0,0,0,0,0,1,0,1,0
3,-0.5405860727931737,-0.47908676070718687,-0.444999501816175,-0.5032910637405889,-0.5583460543187373,-0.6191736503203585,1,0,1,0,1,0,0,0,0,0,0,0,0,0,1,0,0,0,1,0
3,-0.16858811182398462,-0.47908676070718687,-0.444999501816175,-0.4908050163476765,-0.5583460543187373,-0.6191736503203585,1,0,1,0,1,0,0,0,0,0,0,0,0,0,1,0,0,0,1,0
2,0.05461066475752886,-0.47908676070718687,-0.444999501816175,-0.40468647763985677,-0.5583460543187373,-0.6191736503203585,0,1,0,1,0,0,0,0,0,0,0,0,0,0,1,0,0,0,1,0
2,-0.5405860727931737,0.481287771858981,0.7107630931786129,-0.08277150536981996,0.7050506355744817,0.5049571517175739,0,0,1,0,0,1,0,0,0,0,0,0,0,0,1,0,1,0,1,0
3,-0.24298770401782244,7.203909499822155,1.8665256881734007,0.7012316252938433,5.758637395147358,5.001480359869304,1,0,1,0,1,0,0,0,0,0,0,0,0,0,1,1,0,0,1,0
1,0.5010082179205558,-0.47908676070718687,-0.444999501816175,1.9789015164057067,-0.5583460543187373,1.0670225527365402,0,0,0,1,0,0,0,0,1,0,0,0,0,0,0,0,0,0,1,0
3,2.3609980227665015,-0.47908676070718687,-0.444999501816175,-0.5228669742164694,-0.5583460543187373,-0.6191736503203585,1,0,1,0,1,0,0,0,0,0,0,0,0,0,1,0,0,0,0,1
2,0.5010082179205558,-0.47908676070718687,-0.444999501816175,-0.3921192264701557,-0.5583460543187373,-0.6191736503203585,0,0,1,0,0,1,0,0,0,1,0,0,0,0,0,0,0,0,1,0
3,0.12901025695136667,0.481287771858981,0.7107630931786129,-0.24662912639015405,0.7050506355744817,0.5049571517175739,0,0,1,0,0,1,0,0,0,0,0,0,0,0,1,0,1,0,1,0
1,-0.9869836259562007,-0.47908676070718687,0.7107630931786129,0.47751908708710805,0.07335229062787217,-0.05710824930139227,0,0,0,1,0,0,0,1,0,0,0,0,0,0,0,0,1,1,0,0
3,-0.838184441568525,1.4416623044251486,-0.444999501816175,-0.19394334264025312,0.7050506355744817,0.5049571517175739,0,1,0,1,0,0,0,0,0,0,0,0,0,0,1,0,1,1,0,0
1,1.2078043437620152,-0.47908676070718687,-0.444999501816175,-0.09243862165420545,-0.5583460543187373,-0.6191736503203585,1,0,1,0,1,0,0,0,1,0,0,0,0,0,0,0,0,0,1,0
1,0.6498074023082314,-0.47908676070718687,0.7107630931786129,2.3236154157208384,0.07335229062787217,0.5049571517175739,1,0,1,0,1,0,0,0,1,0,0,0,0,0,0,0,1,0,1,0
3,-0.9869836259562007,1.4416623044251486,-0.444999501816175,-0.29544806362630077,0.7050506355744817,-0.05710824930139227,1,0,1,0,1,0,0,0,0,0,0,0,0,0,1,0,1,1,0,0
1,1.1706045476650961,0.481287771858981,-0.444999501816175,1.9405559329520634,0.07335229062787217,-0.05710824930139227,0,0,1,0,0,1,0,0,0,0,0,0,0,0,1,0,1,0,1,0
3,-0.24298770401782244,-0.47908676070718687,-0.444999501816175,-0.4908050163476765,-0.5583460543187373,-0.6191736503203585,1,0,1,0,1,0,0,0,0,0,0,0,0,0,1,0,0,0,1,0
1,-0.019788927436308962,0.481287771858981,-0.444999501816175,0.6441956392159689,0.07335229062787217,-0.05710824930139227,1,0,1,0,1,0,0,0,1,0,0,0,0,0,0,0,1,0,1,0
1,0.873006178889745,-0.47908676070718687,-0.444999501816175,1.9569900306355188,-0.5583460543187373,1.6290879537555065,0,0,0,1,0,0,0,0,0,0,1,0,0,0,0,0,0,0,1,0
3,1.1706045476650961,-0.47908676070718687,-0.444999501816175,-0.48782367768557205,-0.5583460543187373,-0.6191736503203585,1,0,1,0,1,0,0,0,0,0,0,0,0,0,1,0,0,0,1,0
1,1.1706045476650961,-0.47908676070718687,-0.444999501816175,0.042901006327191425,-0.5583460543187373,-0.6191736503203585,1,0,1,0,1,0,0,0,0,0,0,0,0,1,0,0,0,0,1,0
2,-2.02857791666993,0.481287771858981,0.7107630931786129,-0.14077420307613292,0.7050506355744817,0.5049571517175739,1,0,1,0,0,0,0,0,0,0,0,1,0,0,0,0,1,0,0,0
1,-0.3917868884054981,2.4020368369913165,1.8665256881734007,4.44143891572259,2.6001456704143098,2.191153354774473,0,0,1,1,0,0,0,0,1,0,0,0,0,0,0,1,0,0,1,0
2,-0.0941885196301468,-0.47908676070718687,-0.444999501816175,-0.3921192264701557,-0.5583460543187373,-0.6191736503203585,1,0,1,0,1,0,0,0,0,0,0,0,0,0,1,0,0,0,1,0
2,-0.3173872962116603,-0.47908676070718687,-0.444999501816175,-0.3921192264701557,-0.5583460543187373,-0.6191736503203585,1,0,1,0,1,0,0,0,0,0,0,0,0,0,1,0,0,0,1,0
2,0.5010082179205558,-0.47908676070718687,-0.444999501816175,-0.3921192264701557,-0.5583460543187373,-0.6191736503203585,1,0,1,0,1,0,0,0,0,0,0,0,0,0,1,0,0,0,1,0
2,-0.3917868884054981,-0.47908676070718687,-0.444999501816175,-0.3921192264701557,-0.5583460543187373,-0.6191736503203585,0,0,1,1,0,0,0,0,0,0,0,1,0,0,0,0,0,0,1,0
2,0.7986065866959071,-0.47908676070718687,-0.444999501816175,-0.3921192264701557,-0.5583460543187373,-0.6191736503203585,0,0,1,1,0,0,0,0,0,0,0,0,0,0,1,0,0,0,1,0
3,0.12901025695136667,0.481287771858981,-0.444999501816175,-0.3321831055069656,0.07335229062787217,-0.05710824930139227,0,0,1,0,0,1,0,0,0,0,0,0,0,0,1,0,1,0,1,0
3,-1.9541783244760924,0.481287771858981,0.7107630931786129,-0.33604995202071986,0.7050506355744817,0.5049571517175739,1,0,1,0,0,0,0,0,0,0,0,0,0,0,1,0,1,0,0,0
3,0.9474057710835827,-0.47908676070718687,-0.444999501816175,-0.4759814602371998,-0.5583460543187373,-0.6191736503203585,1,0,1,0,1,0,0,0,0,0,0,0,0,0,1,0,0,0,1,0
3,-0.46618648059933593,-0.47908676070718687,-0.444999501816175,-0.4651059544172661,-0.5583460543187373,-0.6191736503203585,1,0,1,0,1,0,0,0,0,0,0,0,0,0,1,0,0,0,1,0
1,0.9102059749866638,-0.47908676070718687,-0.444999501816175,0.033233890042805934,-0.5583460543187373,-0.6191736503203585,1,0,1,0,1,0,0,0,1,0,0,0,0,0,0,0,0,0,1,0
3,-1.0613832181500384,0.481287771858981,0.7107630931786129,-0.5036932157780193,0.7050506355744817,-0.6191736503203585,1,0,0,0,1,0,0,0,0,0,0,0,0,0,1,0,1,1,0,0
3,-0.3173872962116603,0.481287771858981,-0.444999501816175,-0.29931491014005496,0.07335229062787217,-0.05710824930139227,1,0,1,0,1,0,0,0,0,0,0,0,0,0,1,0,1,0,1,0
3,-0.24298770401782244,-0.47908676070718687,-0.444999501816175,-0.5037744195548081,-0.5583460543187373,-0.6191736503203585,1,0,0,0,1,0,0,0,0,0,0,0,0,0,1,0,0,0,1,0
3,-0.0941885196301468,-0.47908676070718687,-0.444999501816175,-0.4597890404608541,-0.5583460543187373,-0.6191736503203585,1,0,1,0,1,0,0,0,0,0,0,0,0,0,1,0,0,0,1,0
1,-0.5405860727931737,-0.47908676070718687,0.7107630931786129,0.4199185414182256,0.07335229062787217,-0.05710824930139227,0,0,1,1,0,0,0,0,0,0,1,0,0,0,0,0,1,0,1,0
2,0.6498074023082314,-0.47908676070718687,-0.444999501816175,-0.3921192264701557,-0.5583460543187373,-0.6191736503203585,0,0,1,1,0,0,0,0,0,0,0,0,0,0,1,0,0,0,1,0
3,-0.838184441568525,-0.47908676070718687,-0.444999501816175,-0.4911259646083181,-0.5583460543187373,-0.6191736503203585,0,1,0,1,0,0,0,0,0,0,0,0,0,0,1,0,0,1,0,0
3,-0.838184441568525,-0.47908676070718687,-0.444999501816175,-0.4911259646083181,-0.5583460543187373,-0.6191736503203585,0,1,0,1,0,0,0,0,0,0,0,0,0,0,1,0,0,1,0,0
3,0.7986065866959071,0.481287771858981,4.178050878162977,-0.10403916119546806,2.6001456704143098,2.191153354774473,1,0,1,0,1,0,0,0,0,0,0,0,0,0,1,1,0,0,1,0
2,-0.019788927436308962,0.481287771858981,-0.444999501816175,-0.10750385567179178,0.07335229062787217,-0.05710824930139227,1,0,0,0,1,0,0,0,0,0,0,0,0,0,1,0,1,0,1,0
3,1.1706045476650961,-0.47908676070718687,0.7107630931786129,-0.3640033854686489,0.07335229062787217,-0.05710824930139227,0,0,0,0,0,1,0,0,0,0,0,0,0,0,1,0,1,0,1,0
3,0.426608625726718,-0.47908676070718687,-0.444999501816175,-0.507157910254343,-0.5583460543187373,-0.6191736503203585,1,0,1,0,1,0,0,0,0,0,0,0,0,0,1,0,0,0,1,0
3,-0.24298770401782244,0.481287771858981,-0.444999501816175,-0.3437836450482282,0.07335229062787217,-0.05710824930139227,1,1,0,0,1,0,0,0,0,0,0,0,0,0,1,0,1,0,1,0
3,0.05461066475752886,-0.47908676070718687,-0.444999501816175,-0.5032910637405889,-0.5583460543187373,-0.6191736503203585,1,0,1,0,1,0,0,0,0,0,0,0,0,0,1,0,0,0,1,0
1,2.2865984305726634,0.481287771858981,-0.444999501816175,0.811436750935838,0.07335229062787217,-0.05710824930139227,0,0,0,0,0,1,0,0,0,1,0,0,0,0,0,0,1,0,1,0
3,0.12901025695136667,-0.47908676070718687,-0.444999501816175,-0.5036932157780193,-0.5583460543187373,-0.6191736503203585,0,0,0,0,0,1,0,0,0,0,0,0,0,0,1,0,0,0,1,0
3,-0.838184441568525,-0.47908676070718687,-0.444999501816175,-0.49362394745620336,-0.5583460543187373,-0.6191736503203585,0,1,0,1,0,0,0,0,0,0,0,0,0,0,1,0,0,1,0,0
1,-0.3917868884054981,-0.47908676070718687,-0.444999501816175,0.6963980671516505,-0.5583460543187373,-0.05710824930139227,0,0,0,0,0,1,0,1,0,0,0,0,0,0,0,0,0,0,1,0
1,-0.3173872962116603,0.481287771858981,-0.444999501816175,0.42845847194385167,0.07335229062787217,-0.05710824930139227,1,0,0,0,1,0,0,0,0,0,1,0,0,0,0,0,1,0,1,0
3,-0.838184441568525,0.481287771858981,-0.444999501816175,-0.5178729419439559,0.07335229062787217,-0.6191736503203585,1,0,1,0,1,0,0,0,0,0,0,0,0,0,1,0,1,1,0,0
3,-0.7637848493746872,-0.47908676070718687,-0.444999501816175,-0.48782367768557205,-0.5583460543187373,-0.6191736503203585,1,0,1,0,1,0,0,0,0,0,0,0,0,0,1,0,0,0,1,0
1,-0.5405860727931737,-0.47908676070718687,-0.444999501816175,1.9789015164057067,-0.5583460543187373,1.0670225527365402,1,0,0,0,1,0,0,0,0,0,0,0,0,0,1,0,0,0,1,0
3,-1.9541783244760924,2.4020368369913165,0.7107630931786129,-0.23599529847733,1.9684473254677004,1.6290879537555065,0,0,1,1,0,0,0,0,0,0,0,0,0,0,1,1,0,0,0,0
1,1.1706045476650961,0.481287771858981,-0.444999501816175,0.9452451076977882,0.07335229062787217,-0.05710824930139227,0,0,0,0,0,1,0,0,0,0,0,0,0,0,1,0,1,0,1,0
3,-0.5405860727931737,-0.47908676070718687,-0.444999501816175,-0.5032910637405889,-0.5583460543187373,-0.6191736503203585,0,0,1,1,0,0,0,0,0,0,0,0,0,0,1,0,0,0,1,0
1,-0.16858811182398462,-0.47908676070718687,1.8665256881734007,3.4457259384308845,0.7050506355744817,1.6290879537555065,1,0,0,0,1,0,0,0,1,0,0,0,0,0,0,0,1,0,1,0
3,-0.6893852571808494,-0.47908676070718687,-0.444999501816175,-0.5658856416819849,-0.5583460543187373,-0.6191736503203585,1,0,0,0,1,0,0,0,0,0,0,0,0,0,1,0,0,0,1,0
3,-0.7637848493746872,-0.47908676070718687,-0.444999501816175,-0.4931405916419841,-0.5583460543187373,-0.6191736503203585,1,0,1,0,1,0,0,0,0,0,0,0,0,0,1,0,0,0,1,0
1,0.9474057710835827,-0.47908676070718687,-0.444999501816175,3.7555570153454396,-0.5583460543187373,1.6290879537555065,0,0,0,1,0,0,0,0,0,0,0,0,0,0,1,0,0,0,1,0
3,-2.102977508863768,-0.47908676070718687,1.8665256881734007,-0.33911056103635623,0.7050506355744817,0.5049571517175739,0,0,0,1,0,0,0,0,0,0,0,0,0,0,1,0,1,0,0,0
3,0.20340984914520452,-0.47908676070718687,-0.444999501816175,-0.4902404567566684,-0.5583460543187373,-0.6191736503203585,1,0,1,0,1,0,0,0,0,0,0,0,0,0,1,0,0,0,1,0
1,0.426608625726718,0.481287771858981,-0.444999501816175,0.36191584371191265,0.07335229062787217,-0.05710824930139227,0,0,1,0,0,1,0,0,0,0,0,0,0,0,1,0,1,0,1,0
3,-0.24298770401782244,-0.47908676070718687,-0.444999501816175,-0.4908050163476765,-0.5583460543187373,-0.6191736503203585,1,0,1,0,1,0,0,0,0,0,0,0,0,0,1,0,0,0,1,0
2,-0.838184441568525,-0.47908676070718687,-0.444999501816175,0.7776018439404888,-0.5583460543187373,2.753218755793439,1,0,1,0,1,0,0,0,0,0,0,0,0,0,1,0,0,1,0,0
3,-2.102977508863768,4.322785902123652,1.8665256881734007,0.2633112576111806,3.8635423603075285,3.3152841568124054,1,0,1,0,0,0,0,0,0,0,0,0,0,0,1,1,0,0,0,0
2,0.5010082179205558,-0.47908676070718687,-0.444999501816175,-0.3921192264701557,-0.5583460543187373,-0.6191736503203585,0,0,1,1,0,0,0,0,0,0,0,0,0,0,1,0,0,0,1,0
3,-0.24298770401782244,-0.47908676070718687,-0.444999501816175,-0.4940260994936338,-0.5583460543187373,-0.6191736503203585,1,1,0,0,1,0,0,0,0,0,0,0,0,0,1,0,0,0,1,0
2,-0.9125840337623629,-0.47908676070718687,-0.444999501816175,-0.41145345903892666,-0.5583460543187373,-0.6191736503203585,0,0,0,1,0,0,0,0,0,0,0,0,0,0,1,0,0,1,0,0
1,0.5010082179205558,0.481287771858981,1.8665256881734007,1.6766436583883395,1.3367489805210908,1.0670225527365402,1,0,1,0,1,0,0,1,0,0,0,0,0,0,0,0,1,0,1,0
3,-0.6149856649870116,-0.47908676070718687,-0.444999501816175,-0.49273843960455366,-0.5583460543187373,-0.6191736503203585,1,0,1,0,1,0,0,0,0,0,0,0,0,0,1,0,0,0,1,0
3,-0.0941885196301468,1.4416623044251486,-0.444999501816175,-0.4902404567566684,0.7050506355744817,-0.6191736503203585,1,0,1,0,1,0,0,0,0,0,0,0,0,0,1,0,1,0,1,0
1,-0.46618648059933593,0.481287771858981,-0.444999501816175,1.5466209443633547,0.07335229062787217,0.5049571517175739,0,0,0,1,0,0,0,0,0,1,0,0,0,0,0,0,1,0,1,0
3,-0.3917868884054981,-0.47908676070718687,1.8665256881734007,-0.32058256596570306,0.7050506355744817,0.5049571517175739,0,0,1,0,0,1,0,0,0,0,0,0,1,0,0,0,1,0,1,0
3,-0.5405860727931737,-0.47908676070718687,-0.444999501816175,-0.49273843960455366,-0.5583460543187373,-0.6191736503203585,1,0,1,0,1,0,0,0,0,0,0,0,0,0,1,0,0,0,1,0
3,0.12901025695136667,-0.47908676070718687,-0.444999501816175,-0.4916093204225374,-0.5583460543187373,-0.6191736503203585,0,0,1,1,0,0,0,0,0,0,0,0,0,0,1,0,0,0,1,0
2,1.245004139858934,-0.47908676070718687,-0.444999501816175,-0.14077420307613292,-0.5583460543187373,-0.05710824930139227,1,0,1,0,1,0,0,0,0,0,0,0,0,0,1,0,0,0,1,0
2,-0.46618648059933593,-0.47908676070718687,-0.444999501816175,-0.44045480789208313,-0.5583460543187373,-0.6191736503203585,1,0,1,0,0,0,1,0,0,0,0,0,0,0,1,0,0,0,1,0
2,-0.0941885196301468,-0.47908676070718687,-0.444999501816175,-0.3988862078692256,-0.5583460543187373,-0.6191736503203585,0,0,1,0,0,1,0,0,0,0,0,0,0,0,1,0,0,0,1,0
3,0.7242069945020693,-0.47908676070718687,-0.444999501816175,-0.4902404567566684,-0.5583460543187373,-0.6191736503203585,1,0,1,0,1,0,0,0,0,0,0,0,0,0,1,0,0,0,1,0
3,-0.24298770401782244,-0.47908676070718687,-0.444999501816175,-0.48782367768557205,-0.5583460543187373,-0.6191736503203585,1,0,1,0,1,0,0,0,0,0,0,0,0,0,1,0,0,0,1,0
3,-0.6149856649870116,0.481287771858981,-0.444999501816175,-0.45350541487600354,0.07335229062787217,-0.6191736503203585,0,0,1,1,0,0,0,0,0,0,0,0,0,0,1,0,1,0,1,0
3,-0.0941885196301468,0.481287771858981,-0.444999501816175,-0.33701666364915833,0.07335229062787217,-0.05710824930139227,1,0,1,0,1,0,0,0,0,0,0,0,0,0,1,0,1,0,1,0
3,-0.6893852571808494,-0.47908676070718687,-0.444999501816175,-0.4759814602371998,-0.5583460543187373,-0.6191736503203585,0,0,1,1,0,0,0,0,0,0,0,0,0,0,1,0,0,0,1,0
2,0.35220903353288013,0.481287771858981,-0.444999501816175,-0.23744536591998783,0.07335229062787217,-0.05710824930139227,1,0,1,0,1,0,0,0,0,0,0,0,0,0,1,0,1,0,1,0
3,1.6170021008281232,-0.47908676070718687,-0.444999501816175,-0.49362394745620336,-0.5583460543187373,-0.6191736503203585,1,0,1,0,1,0,0,0,0,0,0,0,0,0,1,0,0,0,1,0
2,-1.9541783244760924,0.481287771858981,0.7107630931786129,-0.2809473891997225,0.7050506355744817,0.5049571517175739,1,0,1,0,0,0,0,0,0,0,0,0,0,0,1,0,1,0,0,0
3,-0.6149856649870116,-0.47908676070718687,-0.444999501816175,-0.4931405916419841,-0.5583460543187373,-0.6191736503203585,1,0,1,0,1,0,0,0,0,0,0,0,0,0,1,0,0,0,1,0
3,-0.838184441568525,2.4020368369913165,0.7107630931786129,-0.15108514930505848,1.9684473254677004,1.6290879537555065,0,0,1,1,0,0,0,0,0,0,0,0,0,0,1,1,0,1,0,0
3,-0.24298770401782244,-0.47908676070718687,-0.444999501816175,-0.4908050163476765,-0.5583460543187373,-0.6191736503203585,1,0,1,0,1,0,0,0,0,0,0,0,0,0,1,0,0,0,1,0
3,-0.24298770401782244,-0.47908676070718687,-0.444999501816175,-0.5108642826377764,-0.5583460543187373,-0.6191736503203585,1,1,0,0,1,0,0,0,0,0,0,0,0,0,1,0,0,0,1,0
1,0.27780944133904234,0.481287771858981,-0.444999501816175,1.09661668132521,0.07335229062787217,0.5049571517175739,0,1,0,1,0,0,0,0,1,0,0,0,0,0,0,0,1,0,1,0
2,0.05461066475752886,-0.47908676070718687,-0.444999501816175,-0.6434642498641785,-0.5583460543187373,0.5049571517175739,1,0,1,0,1,0,0,0,0,0,0,0,0,0,1,0,0,0,1,0
3,1.0962049554712583,-0.47908676070718687,-0.444999501816175,-0.4902404567566684,-0.5583460543187373,-0.6191736503203585,1,0,1,0,1,0,0,0,0,0,0,0,0,0,1,0,0,0,1,0
3,0.12901025695136667,-0.47908676070718687,-0.444999501816175,-0.48782367768557205,-0.5583460543187373,-0.6191736503203585,0,0,1,0,0,1,0,0,0,0,0,0,0,0,1,0,0,0,1,0
2,0.35220903353288013,0.481287771858981,0.7107630931786129,-0.015101691379121521,0.7050506355744817,0.5049571517175739,0,0,1,0,0,1,0,0,0,0,0,0,0,0,1,0,1,0,1,0
2,-0.838184441568525,-0.47908676070718687,1.8665256881734007,-0.3921192264701557,0.7050506355744817,-0.6191736503203585,0,0,1,1,0,0,0,0,0,0,0,0,0,0,1,0,1,1,0,0
2,0.05461066475752886,-0.47908676070718687,-0.444999501816175,-0.3921192264701557,-0.5583460543187373,-0.6191736503203585,1,0,1,0,1,0,0,0,0,0,0,0,0,0,1,0,0,0,1,0
3,-1.4333811791192277,-0.47908676070718687,1.8665256881734007,-0.17654253332835926,0.7050506355744817,0.5049571517175739,0,0,1,1,0,0,0,0,0,0,0,0,0,0,1,0,1,0,0,0
3,-0.24298770401782244,-0.47908676070718687,-0.444999501816175,-0.4908050163476765,-0.5583460543187373,-0.6191736503203585,1,0,0,0,1,0,0,0,0,0,0,0,0,0,1,0,0,0,1,0
3,-0.6149856649870116,-0.47908676070718687,-0.444999501816175,-0.4939468291401018,-0.5583460543187373,-0.6191736503203585,1,1,0,0,1,0,0,0,0,0,0,0,0,0,1,0,0,0,1,0
3,-0.019788927436308962,-0.47908676070718687,-0.444999501816175,-0.491207168385107,-0.5583460543187373,-0.6191736503203585,1,0,1,0,1,0,0,0,0,0,0,0,0,0,1,0,0,0,1,0
3,-0.0941885196301468,0.481287771858981,0.7107630931786129,-0.3650513008738763,0.7050506355744817,0.5049571517175739,0,0,1,0,0,1,0,0,0,0,0,0,0,0,1,0,1,0,1,0
3,-0.838184441568525,0.481287771858981,0.7107630931786129,-0.252671074067895,0.7050506355744817,0.5049571517175739,1,0,1,0,1,0,0,0,0,0,0,0,0,0,1,0,1,1,0,0
3,-0.24298770401782244,-0.47908676070718687,-0.444999501816175,-0.5032910637405889,-0.5583460543187373,-0.6191736503203585,1,0,1,0,1,0,0,0,0,0,0,0,0,0,1,0,0,0,1,0
2,-0.0941885196301468,0.481287771858981,-0.444999501816175,-0.14077420307613292,0.07335229062787217,-0.05710824930139227,0,0,1,0,0,1,0,0,0,0,0,0,0,0,1,0,1,0,1,0
2,-0.7637848493746872,-0.47908676070718687,-0.444999501816175,-0.14077420307613292,-0.5583460543187373,-0.05710824930139227,0,0,1,1,0,0,0,0,0,0,0,0,0,0,1,0,0,0,1,0
3,-0.24298770401782244,-0.47908676070718687,-0.444999501816175,-0.49362394745620336,-0.5583460543187373,-0.6191736503203585,1,1,0,0,1,0,0,0,0,0,0,0,0,0,1,0,0,0,1,0
3,0.20340984914520452,-0.47908676070718687,-0.444999501816175,-0.48782367768557205,-0.5583460543187373,-0.6191736503203585,1,0,1,0,1,0,0,0,0,0,1,0,0,0,0,0,0,0,1,0
1,-0.0941885196301468,-0.47908676070718687,-0.444999501816175,-0.13014037516330884,-0.5583460543187373,-0.6191736503203585,1,0,1,0,1,0,0,0,1,0,0,0,0,0,0,0,0,0,1,0
3,0.12901025695136667,0.481287771858981,-0.444999501816175,-0.3321831055069656,0.07335229062787217,-0.05710824930139227,0,0,1,0,0,1,0,0,0,0,0,0,0,0,1,0,1,0,1,0
2,0.9474057710835827,0.481287771858981,-0.444999501816175,-0.14077420307613292,0.07335229062787217,-0.05710824930139227,0,0,1,0,0,1,0,0,0,0,0,0,0,0,1,0,1,0,1,0
3,-0.9125840337623629,-0.47908676070718687,-0.444999501816175,-0.5057078428116852,-0.5583460543187373,-0.6191736503203585,1,0,1,0,1,0,0,0,0,0,0,0,0,0,1,0,0,1,0,0
1,1.5426025086342854,0.481287771858981,-0.444999501816175,0.43731935073011946,0.07335229062787217,-0.05710824930139227,1,0,1,0,1,0,0,0,0,0,1,0,0,0,0,0,1,0,1,0
1,-1.1357828103438763,0.481287771858981,1.8665256881734007,1.6766436583883395,1.3367489805210908,1.0670225527365402,0,0,1,1,0,0,0,1,0,0,0,0,0,0,0,0,1,1,0,0
3,-0.6149856649870116,1.4416623044251486,1.8665256881734007,0.02114999468732407,1.9684473254677004,1.6290879537555065,0,0,1,1,0,0,0,0,0,0,0,0,0,0,1,1,0,0,1,0
2,-0.3917868884054981,1.4416623044251486,3.022288283168189,-0.2809473891997225,2.6001456704143098,0.5049571517175739,0,0,1,0,0,1,0,0,0,0,0,0,0,0,1,1,0,0,1,0
1,2.5841967993480153,0.481287771858981,4.178050878162977,4.44143891572259,2.6001456704143098,2.191153354774473,1,0,1,0,1,0,0,0,1,0,0,0,0,0,0,1,0,0,0,1
2,0.12901025695136667,-0.47908676070718687,-0.444999501816175,-0.44045480789208313,-0.5583460543187373,-0.6191736503203585,1,0,1,0,1,0,0,0,0,0,0,0,0,0,1,0,0,0,1,0
2,1.1706045476650961,0.481287771858981,0.7107630931786129,-0.13594064493394017,0.7050506355744817,0.5049571517175739,0,0,1,0,0,1,0,0,0,0,0,0,0,0,1,0,1,0,1,0
3,-0.6893852571808494,-0.47908676070718687,-0.444999501816175,-0.4597890404608541,-0.5583460543187373,-0.6191736503203585,1,0,1,0,1,0,0,0,0,0,0,0,0,0,1,0,0,0,1,0
3,-0.3173872962116603,0.481287771858981,-0.444999501816175,-0.4931405916419841,0.07335229062787217,-0.6191736503203585,1,0,1,0,1,0,0,0,0,0,0,0,0,0,1,0,1,0,1,0
2,-0.0941885196301468,-0.47908676070718687,-0.444999501816175,-0.3921192264701557,-0.5583460543187373,-0.6191736503203585,0,0,1,1,0,0,0,0,0,0,0,0,0,0,1,0,0,0,1,0
3,-0.24298770401782244,-0.47908676070718687,-0.444999501816175,-0.48661528815002386,-0.5583460543187373,-0.6191736503203585,1,0,1,0,1,0,0,0,0,0,0,0,0,0,1,0,0,0,1,0
1,-1.8797787322822546,-0.47908676070718687,1.8665256881734007,0.9392031600200472,0.7050506355744817,0.5049571517175739,1,0,1,0,0,0,0,0,0,0,0,0,0,0,0,0,1,0,0,0
2,-1.2101824025377141,-0.47908676070718687,0.7107630931786129,-0.2664467147731443,0.07335229062787217,-0.05710824930139227,0,0,1,1,0,0,0,0,0,0,0,0,0,0,1,0,1,1,0,0
1,0.35220903353288013,-0.47908676070718687,-0.444999501816175,-0.13014037516330884,-0.5583460543187373,-0.6191736503203585,1,0,1,0,1,0,0,0,0,0,0,0,0,0,1,0,0,0,1,0
3,-1.8053791400884167,1.4416623044251486,0.7107630931786129,-0.2711197987850163,1.3367489805210908,1.0670225527365402,0,0,0,1,0,0,0,0,0,0,0,0,0,0,1,0,1,0,0,0
1,1.691401693021961,-0.47908676070718687,-0.444999501816175,-0.05377015651666348,-0.5583460543187373,-0.6191736503203585,1,0,1,0,0,0,1,0,1,0,0,0,0,0,0,0,0,0,1,0
2,0.5010082179205558,0.481287771858981,1.8665256881734007,-0.10693929608078369,1.3367489805210908,1.0670225527365402,1,0,1,0,1,0,0,0,0,0,0,0,0,0,1,0,1,0,1,0
3,-0.24298770401782244,0.481287771858981,-0.444999501816175,-0.2574234284332989,0.07335229062787217,-0.6191736503203585,1,0,1,0,1,0,0,0,0,0,0,0,0,0,1,0,1,0,1,0
1,0.05461066475752886,-0.47908676070718687,-0.444999501816175,-0.10693929608078369,-0.5583460543187373,-0.6191736503203585,1,0,0,0,1,0,0,0,1,0,0,0,0,0,0,0,0,0,1,0
1,1.4682029164404475,0.481287771858981,-0.444999501816175,1.079297075790105,0.07335229062787217,-0.05710824930139227,1,0,0,0,1,0,0,0,1,0,0,0,0,0,0,0,1,0,1,0
3,-0.24298770401782244,-0.47908676070718687,-0.444999501816175,-0.48782367768557205,-0.5583460543187373,-0.6191736503203585,1,0,1,0,1,0,0,0,0,0,0,0,0,0,1,0,0,0,1,0
3,-0.019788927436308962,-0.47908676070718687,-0.444999501816175,-0.4908050163476765,-0.5583460543187373,-0.6191736503203585,1,0,0,0,1,0,0,0,0,0,0,0,0,0,1,0,0,0,1,0
1,2.658596391541853,-0.47908676070718687,-0.444999501816175,-0.13014037516330884,-0.5583460543187373,-0.6191736503203585,1,0,1,0,1,0,0,0,0,0,1,0,0,0,0,0,0,0,0,1
1,1.1706045476650961,0.481287771858981,-0.444999501816175,0.35925738673370655,0.07335229062787217,-0.05710824930139227,0,0,1,0,0,1,0,0,0,1,0,0,0,0,0,0,1,0,1,0
2,1.5426025086342854,-0.47908676070718687,-0.444999501816175,-0.44045480789208313,-0.5583460543187373,-0.6191736503203585,0,0,1,1,0,0,0,0,0,0,0,0,0,0,1,0,0,0,1,0
3,-0.24298770401782244,-0.47908676070718687,-0.444999501816175,-0.49362394745620336,-0.5583460543187373,-0.6191736503203585,1,1,0,0,1,0,0,0,0,0,0,0,0,0,1,0,0,0,1,0
1,1.3938033242466097,-0.47908676070718687,-0.444999501816175,-0.13014037516330884,-0.5583460543187373,-0.6191736503203585,1,0,1,0,1,0,0,0,0,0,1,0,0,0,0,0,0,0,1,0
3,0.35220903353288013,-0.47908676070718687,-0.444999501816175,-0.48782367768557205,-0.5583460543187373,-0.6191736503203585,1,0,1,0,1,0,0,0,0,0,0,0,0,0,1,0,0,0,1,0
1,1.3194037320527718,-0.47908676070718687,-0.444999501816175,0.10090370403350438,-0.5583460543187373,-0.6191736503203585,1,0,1,0,1,0,0,0,0,0,1,0,0,0,0,0,0,0,1,0
2,1.3938033242466097,-0.47908676070718687,-0.444999501816175,-0.3921192264701557,-0.5583460543187373,-0.6191736503203585,1,0,1,0,1,0,0,0,0,0,0,0,0,0,1,0,0,0,1,0
3,-0.24298770401782244,-0.47908676070718687,-0.444999501816175,-0.48782367768557205,-0.5583460543187373,-0.6191736503203585,1,0,1,0,1,0,0,0,0,0,0,0,0,0,1,0,0,0,1,0
3,0.6498074023082314,-0.47908676070718687,-0.444999501816175,-0.507157910254343,-0.5583460543187373,-0.6191736503203585,1,0,1,0,1,0,0,0,0,0,0,0,0,0,1,0,0,0,1,0
2,0.05461066475752886,-0.47908676070718687,-0.444999501816175,-0.6434642498641785,-0.5583460543187373,0.5049571517175739,1,0,1,0,1,0,0,0,0,0,0,0,0,0,1,0,0,0,1,0
1,1.9890000617973123,-0.47908676070718687,-0.444999501816175,-0.13014037516330884,-0.5583460543187373,-0.6191736503203585,1,0,1,0,1,0,0,0,0,0,0,0,0,0,1,0,0,0,1,0
3,-0.24298770401782244,-0.47908676070718687,-0.444999501816175,-0.49410730327042257,-0.5583460543187373,-0.6191736503203585,1,1,0,0,1,0,0,0,0,0,0,0,0,0,1,0,0,0,1,0
3,-2.1215774069122273,1.4416623044251486,0.7107630931786129,-0.2711197987850163,1.3367489805210908,1.0670225527365402,0,0,0,1,0,0,0,0,0,0,0,0,0,0,1,0,1,0,0,0
3,-0.24298770401782244,-0.47908676070718687,-0.444999501816175,-0.5032910637405889,-0.5583460543187373,-0.6191736503203585,1,0,1,0,1,0,0,0,0,0,0,0,0,0,1,0,0,0,1,0
3,0.6498074023082314,-0.47908676070718687,-0.444999501816175,-0.4759814602371998,-0.5583460543187373,-0.6191736503203585,1,0,1,0,1,0,0,0,0,0,0,0,0,0,1,0,0,0,1,0
2,0.27780944133904234,0.481287771858981,1.8665256881734007,-0.10693929608078369,1.3367489805210908,1.0670225527365402,0,0,1,0,0,1,0,0,0,0,0,0,0,0,1,0,1,0,1,0
2,-0.46618648059933593,-0.47908676070718687,-0.444999501816175,-0.3768123145454597,-0.5583460543187373,-0.6191736503203585,0,0,0,0,0,1,0,0,0,1,0,0,0,0,0,0,0,0,1,0
3,-0.5405860727931737,-0.47908676070718687,-0.444999501816175,-0.45326373696889394,-0.5583460543187373,-0.6191736503203585,0,0,1,1,0,0,0,0,0,0,0,0,0,0,1,0,0,0,1,0
1,0.9102059749866638,-0.47908676070718687,-0.444999501816175,0.36191584371191265,-0.5583460543187373,-0.05710824930139227,1,0,1,0,1,0,0,0,0,0,0,0,0,0,0,0,0,0,1,0
2,0.35220903353288013,0.481287771858981,-0.444999501816175,-0.23744536591998783,0.07335229062787217,-0.05710824930139227,1,0,1,0,1,0,0,0,0,0,0,0,0,0,1,0,1,0,1,0
3,-0.019788927436308962,0.481287771858981,-0.444999501816175,-0.5072391140311319,0.07335229062787217,-0.6191736503203585,1,0,1,0,1,0,0,0,0,0,0,0,0,0,1,0,1,0,1,0
3,-0.5405860727931737,-0.47908676070718687,-0.444999501816175,-0.49805535356096564,-0.5583460543187373,-0.6191736503203585,1,0,1,0,1,0,0,0,0,0,0,0,0,0,1,0,0,0,1,0
3,-2.02857791666993,-0.47908676070718687,0.7107630931786129,-0.40589486717540496,0.07335229062787217,-0.05710824930139227,0,0,1,1,0,0,0,0,0,0,0,0,0,0,1,0,1,0,0,0
3,-1.5077807713130655,4.322785902123652,1.8665256881734007,0.2633112576111806,3.8635423603075285,3.3152841568124054,1,0,1,0,0,0,0,0,0,0,0,0,0,0,1,1,0,0,0,0
2,0.05461066475752886,-0.47908676070718687,-0.444999501816175,-0.6434642498641785,-0.5583460543187373,-0.6191736503203585,1,0,1,0,1,0,0,0,0,0,0,0,0,0,1,0,0,0,1,0
3,1.5426025086342854,-0.47908676070718687,-0.444999501816175,-0.48782367768557205,-0.5583460543187373,-0.6191736503203585,1,0,1,0,1,0,0,0,0,0,0,0,0,0,1,0,0,0,1,0
3,2.509797207154177,-0.47908676070718687,-0.444999501816175,-0.4580972951110867,-0.5583460543187373,-0.6191736503203585,0,0,1,0,0,1,0,0,0,0,0,0,0,0,1,0,0,0,0,1
1,-0.3173872962116603,0.481287771858981,-0.444999501816175,1.1174821851134276,0.07335229062787217,-0.05710824930139227,1,0,0,0,1,0,0,1,0,0,0,0,0,0,0,0,1,0,1,0
3,-0.838184441568525,2.4020368369913165,0.7107630931786129,-0.15108514930505848,1.9684473254677004,1.6290879537555065,0,0,1,1,0,0,0,0,0,0,0,0,0,0,1,1,0,1,0,0
1,0.426608625726718,0.481287771858981,-0.444999501816175,1.09661668132521,0.07335229062787217,-0.05710824930139227,0,0,1,0,0,1,0,0,1,0,0,0,0,0,0,0,1,0,1,0
1,2.1377992461849877,-0.47908676070718687,-0.444999501816175,-0.06923754257168029,-0.5583460543187373,-0.6191736503203585,1,0,0,0,1,0,0,1,0,0,0,0,0,0,0,0,0,0,1,0
3,0.05461066475752886,-0.47908676070718687,-0.444999501816175,-0.48782367768557205,-0.5583460543187373,-0.6191736503203585,1,0,1,0,1,0,0,0,0,0,0,0,0,0,1,0,0,0,1,0
3,-1.5077807713130655,0.481287771858981,0.7107630931786129,-0.33604995202071986,0.7050506355744817,0.5049571517175739,1,0,1,0,0,0,0,0,0,0,0,0,0,0,1,0,1,0,0,0
3,-0.24298770401782244,0.481287771858981,-0.444999501816175,-0.2574234284332989,0.07335229062787217,-0.6191736503203585,1,0,1,0,1,0,0,0,0,0,0,0,0,0,1,0,1,0,1,0
3,-0.6149856649870116,-0.47908676070718687,-0.444999501816175,-0.5032910637405889,-0.5583460543187373,-0.6191736503203585,1,0,1,0,1,0,0,0,0,0,0,0,0,0,1,0,0,0,1,0
1,1.9146004696034744,-0.47908676070718687,-0.444999501816175,-0.05377015651666348,-0.5583460543187373,-0.6191736503203585,1,0,1,0,1,0,0,0,1,0,0,0,0,0,0,0,0,0,1,0
1,3.10499394470488,-0.47908676070718687,-0.444999501816175,0.313661466066774,-0.5583460543187373,-0.6191736503203585,1,0,0,0,1,0,0,0,0,0,0,0,0,0,1,0,0,0,0,1
3,-0.6149856649870116,-0.47908676070718687,-0.444999501816175,-0.48782367768557205,-0.5583460543187373,-0.6191736503203585,1,0,1,0,1,0,0,0,0,0,0,0,0,0,1,0,0,0,1,0
3,-0.24298770401782244,-0.47908676070718687,-0.444999501816175,-0.3639241151151169,-0.5583460543187373,-0.05710824930139227,1,0,0,0,1,0,0,0,0,0,0,0,0,0,1,0,0,0,1,0
1,1.8402008774096366,0.481287771858981,-0.444999501816175,0.8697623303260494,0.07335229062787217,-0.05710824930139227,0,0,0,1,0,0,0,0,0,1,0,0,0,0,0,0,1,0,1,0
3,-0.24298770401782244,-0.47908676070718687,-0.444999501816175,-0.3515173380757366,-0.5583460543187373,-0.05710824930139227,1,0,1,0,1,0,0,0,0,0,0,0,0,0,1,0,0,0,1,0
1,-0.3173872962116603,0.481287771858981,1.8665256881734007,2.286638695933064,1.3367489805210908,2.191153354774473,0,0,1,0,0,1,0,0,1,0,0,0,0,0,0,0,1,0,1,0
3,-0.3917868884054981,-0.47908676070718687,-0.444999501816175,-0.49273843960455366,-0.5583460543187373,-0.6191736503203585,1,0,1,0,1,0,0,0,0,0,0,0,0,0,1,0,0,0,1,0
3,-0.9125840337623629,-0.47908676070718687,-0.444999501816175,-0.4759814602371998,-0.5583460543187373,-0.6191736503203585,1,0,1,0,1,0,0,0,0,0,0,0,0,0,1,0,0,1,0,0
3,-0.6149856649870116,-0.47908676070718687,-0.444999501816175,-0.49362394745620336,-0.5583460543187373,-0.6191736503203585,0,1,0,1,0,0,0,0,0,0,0,0,0,0,1,0,0,0,1,0
3,-0.838184441568525,-0.47908676070718687,-0.444999501816175,-0.49595952275051086,-0.5583460543187373,-0.6191736503203585,0,1,0,1,0,0,0,0,0,0,0,0,0,0,1,0,0,1,0,0
3,0.5754078101143936,-0.47908676070718687,-0.444999501816175,-0.4580972951110867,-0.5583460543187373,-0.6191736503203585,0,0,1,1,0,0,0,0,0,0,0,0,0,0,1,0,0,0,1,0
1,-0.9869836259562007,-0.47908676070718687,-0.444999501816175,1.0289468673345115,-0.5583460543187373,0.5049571517175739,0,0,1,1,0,0,0,1,0,0,0,0,0,0,0,0,0,1,0,0
1,-0.838184441568525,0.481287771858981,-0.444999501816175,1.4620336768749818,0.07335229062787217,0.5049571517175739,1,0,0,0,1,0,0,0,1,0,0,0,0,0,0,0,1,1,0,0
2,0.27780944133904234,-0.47908676070718687,1.8665256881734007,-0.14077420307613292,0.7050506355744817,0.5049571517175739,0,0,1,0,0,1,0,0,0,0,0,0,0,0,1,0,1,0,1,0
1,0.9102059749866638,-0.47908676070718687,-0.444999501816175,-0.13014037516330884,-0.5583460543187373,-0.6191736503203585,1,0,1,0,1,0,0,0,0,0,0,0,0,0,1,0,0,0,1,0
3,-0.0941885196301468,-0.47908676070718687,-0.444999501816175,-0.2079606612526121,-0.5583460543187373,0.5049571517175739,1,0,1,0,1,0,0,0,0,0,0,0,0,0,1,0,0,0,1,0
3,-0.24298770401782244,-0.47908676070718687,-0.444999501816175,0.4488386864945933,-0.5583460543187373,3.3152841568124054,1,0,1,0,1,0,0,0,0,0,0,0,0,0,1,0,0,0,1,0
3,-0.019788927436308962,-0.47908676070718687,-0.444999501816175,-0.49362394745620336,-0.5583460543187373,-0.6191736503203585,1,1,0,0,1,0,0,0,0,0,0,0,0,0,1,0,0,0,1,0
3,-0.24298770401782244,-0.47908676070718687,-0.444999501816175,-0.48782367768557205,-0.5583460543187373,-0.6191736503203585,1,0,1,0,1,0,0,0,0,0,0,0,0,0,1,0,0,0,1,0
1,0.5010082179205558,-0.47908676070718687,-0.444999501816175,-0.13521561121261122,-0.5583460543187373,-0.6191736503203585,1,0,1,0,1,0,0,0,0,0,1,0,0,0,0,0,0,0,1,0
1,1.8402008774096366,0.481287771858981,-0.444999501816175,0.5049891647208179,0.07335229062787217,-0.05710824930139227,0,0,0,0,0,1,0,0,0,0,0,0,0,0,1,0,1,0,1,0
3,-0.3917868884054981,-0.47908676070718687,-0.444999501816175,-0.49853870937518496,-0.5583460543187373,-0.6191736503203585,1,0,1,0,1,0,0,0,0,0,0,0,0,0,1,0,0,0,1,0
1,1.3194037320527718,-0.47908676070718687,-0.444999501816175,0.014301809511465414,-0.5583460543187373,-0.6191736503203585,1,0,1,0,1,0,0,0,0,1,0,0,0,0,0,0,0,0,1,0
2,0.35220903353288013,-0.47908676070718687,-0.444999501816175,-0.44045480789208313,-0.5583460543187373,-0.6191736503203585,0,0,1,0,0,1,0,0,0,0,0,1,0,0,0,0,0,0,1,0
3,-0.24298770401782244,-0.47908676070718687,-0.444999501816175,-0.17654253332835926,-0.5583460543187373,0.5049571517175739,1,1,0,0,1,0,0,0,0,0,0,0,0,0,1,0,0,0,1,0
2,0.5010082179205558,0.481287771858981,-0.444999501816175,-0.14077420307613292,0.07335229062787217,-0.05710824930139227,0,0,1,0,0,1,0,0,0,0,0,0,0,0,1,0,1,0,1,0
3,0.20340984914520452,-0.47908676070718687,-0.444999501816175,-0.4908050163476765,-0.5583460543187373,-0.6191736503203585,1,0,1,0,1,0,0,0,0,0,0,0,0,0,1,0,0,0,1,0
1,0.05461066475752886,-0.47908676070718687,-0.444999501816175,1.1642864953159084,-0.5583460543187373,1.0670225527365402,0,0,1,1,0,0,0,1,0,0,0,0,0,0,0,0,0,0,1,0
3,-0.5405860727931737,-0.47908676070718687,-0.444999501816175,-0.4908050163476765,-0.5583460543187373,-0.6191736503203585,1,0,1,0,1,0,0,0,0,0,0,0,0,0,1,0,0,0,1,0
3,-0.24298770401782244,-0.47908676070718687,-0.444999501816175,-0.5037744195548081,-0.5583460543187373,-0.6191736503203585,1,0,0,0,1,0,0,0,0,0,0,0,0,0,1,0,0,0,1,0
1,1.0962049554712583,-0.47908676070718687,0.7107630931786129,0.47751908708710805,0.07335229062787217,-0.05710824930139227,0,0,0,0,0,1,0,1,0,0,0,0,0,0,0,0,1,0,1,0
3,-0.24298770401782244,-0.47908676070718687,-0.444999501816175,-0.5036932157780193,-0.5583460543187373,-0.6191736503203585,1,0,0,0,1,0,0,0,0,0,0,0,0,0,1,0,0,0,1,0
3,0.835806382792826,-0.47908676070718687,-0.444999501816175,-0.49362394745620336,-0.5583460543187373,-0.6191736503203585,1,1,0,0,1,0,0,0,0,0,0,0,0,0,1,0,0,0,1,0
2,1.5426025086342854,-0.47908676070718687,-0.444999501816175,-0.44045480789208313,-0.5583460543187373,-0.6191736503203585,0,0,1,1,0,0,0,0,0,0,0,0,0,0,1,0,0,0,1,0
1,0.9102059749866638,-0.47908676070718687,-0.444999501816175,3.644466381851795,-0.5583460543187373,1.0670225527365402,1,0,1,0,1,0,0,0,1,0,0,0,0,0,0,0,0,0,1,0
3,0.7242069945020693,-0.47908676070718687,-0.444999501816175,-0.4902404567566684,-0.5583460543187373,-0.6191736503203585,1,0,1,0,1,0,0,0,0,0,0,0,0,0,1,0,0,0,1,0
2,-0.46618648059933593,1.4416623044251486,0.7107630931786129,-0.42112057532331215,1.3367489805210908,-0.6191736503203585,1,0,1,0,1,0,0,0,0,0,0,0,0,0,1,0,1,0,1,0
2,-2.02857791666993,0.481287771858981,0.7107630931786129,-0.14077420307613292,0.7050506355744817,0.5049571517175739,0,0,1,1,0,0,0,0,0,0,0,0,0,0,1,0,1,0,0,0
3,-0.24298770401782244,-0.47908676070718687,-0.444999501816175,-0.5036932157780193,-0.5583460543187373,-0.6191736503203585,1,0,0,0,1,0,0,0,0,0,0,0,0,0,1,0,0,0,1,0
3,-0.9125840337623629,0.481287771858981,0.7107630931786129,-0.5036932157780193,0.7050506355744817,-0.6191736503203585,1,0,0,0,1,0,0,0,0,0,0,0,0,0,1,0,1,1,0,0
3,0.12901025695136667,-0.47908676070718687,1.8665256881734007,-0.2111836778218262,0.7050506355744817,0.5049571517175739,0,0,0,0,0,1,0,0,0,0,0,0,0,0,1,0,1,0,1,0
3,0.05461066475752886,-0.47908676070718687,-0.444999501816175,-0.4759814602371998,-0.5583460543187373,-0.6191736503203585,0,0,1,1,0,0,0,0,0,0,0,0,0,0,1,0,0,0,1,0
2,-1.656579955700741,-0.47908676070718687,1.8665256881734007,-0.13594064493394017,0.7050506355744817,0.5049571517175739,0,0,1,1,0,0,0,0,0,0,0,0,0,0,1,0,1,0,0,0
1,1.1706045476650961,-0.47908676070718687,-0.444999501816175,-0.13014037516330884,-0.5583460543187373,-0.6191736503203585,1,0,1,0,0,0,1,1,0,0,0,0,0,0,0,0,0,0,1,0
1,0.05461066475752886,-0.47908676070718687,-0.444999501816175,1.4141814512672732,-0.5583460543187373,0.5049571517175739,0,0,0,1,0,0,0,0,0,0,0,0,0,0,1,0,0,0,1,0
3,-0.24298770401782244,-0.47908676070718687,-0.444999501816175,-0.3631178776169992,-0.5583460543187373,-0.05710824930139227,1,0,1,0,1,0,0,0,0,0,0,0,0,0,1,0,0,0,1,0
1,-0.5405860727931737,-0.47908676070718687,1.8665256881734007,0.3135802622899852,0.7050506355744817,-0.6191736503203585,0,0,0,1,0,0,0,1,0,0,0,0,0,0,0,0,1,0,1,0
1,0.5010082179205558,-0.47908676070718687,1.8665256881734007,0.7292662625185613,0.7050506355744817,-0.05710824930139227,0,0,1,1,0,0,0,1,0,0,0,0,0,0,0,0,1,0,1,0
3,-1.5077807713130655,3.3624113695574844,1.8665256881734007,-0.038786126275866,3.2318440153609194,2.753218755793439,0,0,1,1,0,0,0,0,0,0,0,0,0,0,1,1,0,0,0,0
3,-1.3589815869253898,3.3624113695574844,1.8665256881734007,-0.038786126275866,3.2318440153609194,2.753218755793439,0,0,1,1,0,0,0,0,0,0,0,0,0,0,1,1,0,0,0,0
2,0.20340984914520452,0.481287771858981,-0.444999501816175,-0.14077420307613292,0.07335229062787217,-0.05710824930139227,1,0,1,0,1,0,0,0,0,0,0,0,0,0,1,0,1,0,1,0
1,1.5426025086342854,0.481287771858981,-0.444999501816175,1.4141814512672732,0.07335229062787217,0.5049571517175739,1,0,0,0,1,0,0,0,1,0,0,0,0,0,0,0,1,0,1,0
1,2.5841967993480153,-0.47908676070718687,-0.444999501816175,-0.14077420307613292,-0.5583460543187373,-0.6191736503203585,1,0,1,0,1,0,0,0,0,0,0,0,0,0,1,0,0,0,0,1
2,-0.7637848493746872,0.481287771858981,-0.444999501816175,-0.14077420307613292,0.07335229062787217,-0.05710824930139227,0,0,1,0,0,1,0,0,0,0,0,0,0,0,1,0,1,0,1,0
2,0.05461066475752886,-0.47908676070718687,-0.444999501816175,-0.3754434508795907,-0.5583460543187373,-0.6191736503203585,1,0,0,0,1,0,0,0,0,0,0,0,0,0,1,0,0,0,1,0
3,0.27780944133904234,0.481287771858981,0.7107630931786129,-0.24662912639015405,0.7050506355744817,0.5049571517175739,1,0,1,0,1,0,0,0,0,0,0,0,0,0,1,0,1,0,1,0
2,-1.5821803635069032,0.481287771858981,0.7107630931786129,0.06706879703815516,0.7050506355744817,1.0670225527365402,1,0,1,0,0,0,0,0,0,0,0,0,0,0,1,0,1,0,0,0
1,-0.9125840337623629,-0.47908676070718687,1.8665256881734007,1.5003792603286252,0.7050506355744817,1.0670225527365402,1,0,0,0,1,0,0,0,1,0,0,0,0,0,0,0,1,1,0,0
2,-0.16858811182398462,-0.47908676070718687,-0.444999501816175,-0.14077420307613292,-0.5583460543187373,-0.05710824930139227,1,0,1,0,1,0,0,0,0,0,0,0,0,0,1,0,0,0,1,0
3,-0.24298770401782244,-0.47908676070718687,-0.444999501816175,-0.4920926762367567,-0.5583460543187373,-0.6191736503203585,1,1,0,0,1,0,0,0,0,0,0,0,0,0,1,0,0,0,1,0
3,-0.5405860727931737,-0.47908676070718687,-0.444999501816175,-0.5037744195548081,-0.5583460543187373,-0.6191736503203585,1,0,0,0,1,0,0,0,0,0,0,0,0,0,1,0,0,0,1,0
3,-0.5405860727931737,-0.47908676070718687,-0.444999501816175,-0.4931405916419841,-0.5583460543187373,-0.6191736503203585,0,0,1,1,0,0,0,0,0,0,0,0,0,0,1,0,0,0,1,0
1,2.4353976149603396,-0.47908676070718687,-0.444999501816175,-0.13014037516330884,-0.5583460543187373,-0.6191736503203585,1,0,1,0,1,0,0,0,0,0,0,0,0,0,1,0,0,0,0,1
1,1.3938033242466097,0.481287771858981,-0.444999501816175,0.12217135985915248,0.07335229062787217,-0.6191736503203585,0,0,0,0,0,0,1,0,0,0,0,0,0,0,0,0,1,0,1,0
1,0.9102059749866638,-0.47908676070718687,-0.444999501816175,3.7555570153454396,-0.5583460543187373,1.6290879537555065,1,0,0,0,1,0,0,0,0,0,0,0,0,0,1,0,0,0,1,0
1,0.7242069945020693,0.481287771858981,0.7107630931786129,0.8965073742384304,0.7050506355744817,0.5049571517175739,0,0,1,0,0,1,0,0,0,0,1,0,0,0,0,0,1,0,1,0
3,0.5010082179205558,0.481287771858981,-0.444999501816175,-0.3070486031675634,0.07335229062787217,-0.05710824930139227,0,0,1,0,0,1,0,0,0,0,0,0,0,0,1,0,1,0,1,0
3,-0.24298770401782244,-0.47908676070718687,-0.444999501816175,-0.49362394745620336,-0.5583460543187373,-0.6191736503203585,1,1,0,0,1,0,0,0,0,0,0,0,0,0,1,0,0,0,1,0
3,0.7986065866959071,-0.47908676070718687,-0.444999501816175,-0.4908050163476765,-0.5583460543187373,-0.6191736503203585,1,0,1,0,1,0,0,0,0,0,0,0,0,0,1,0,0,0,1,0
2,-0.0941885196301468,-0.47908676070718687,-0.444999501816175,-0.3824521101857702,-0.5583460543187373,-0.6191736503203585,1,0,1,0,1,0,0,0,0,0,0,0,0,0,1,0,0,0,1,0
3,-0.24298770401782244,-0.47908676070718687,-0.444999501816175,-0.48782367768557205,-0.5583460543187373,-0.6191736503203585,1,0,1,0,1,0,0,0,0,0,0,0,0,0,1,0,0,0,1,0
3,-0.838184441568525,-0.47908676070718687,-0.444999501816175,-0.48782367768557205,-0.5583460543187373,-0.6191736503203585,0,0,1,1,0,0,0,0,0,0,0,0,0,0,1,0,0,1,0,0
3,-0.3917868884054981,1.4416623044251486,-0.444999501816175,-0.17654253332835926,0.7050506355744817,0.5049571517175739,1,0,1,0,1,0,0,0,0,0,0,0,0,0,1,0,1,0,1,0
3,-0.7637848493746872,-0.47908676070718687,-0.444999501816175,-0.4908050163476765,-0.5583460543187373,-0.6191736503203585,1,0,1,0,1,0,0,0,0,0,0,0,0,0,1,0,0,0,1,0
3,-0.019788927436308962,-0.47908676070718687,4.178050878162977,-0.23599529847733,1.9684473254677004,1.6290879537555065,0,0,1,0,0,1,0,0,0,0,0,0,0,0,1,1,0,0,1,0
3,-0.24298770401782244,-0.47908676070718687,-0.444999501816175,-0.5036932157780193,-0.5583460543187373,-0.6191736503203585,1,0,0,0,1,0,0,0,0,0,0,0,0,0,1,0,0,0,1,0
3,0.20340984914520452,-0.47908676070718687,-0.444999501816175,-0.4916093204225374,-0.5583460543187373,-0.6191736503203585,1,0,1,0,1,0,0,0,0,0,0,0,0,0,1,0,0,0,1,0
2,2.4353976149603396,-0.47908676070718687,-0.444999501816175,-0.44045480789208313,-0.5583460543187373,-0.6191736503203585,1,0,1,0,1,0,0,0,0,0,0,0,0,0,1,0,0,0,0,1
1,1.7658012852157987,1.4416623044251486,-0.444999501816175,0.35184657539009667,0.7050506355744817,-0.05710824930139227,0,0,1,0,0,1,0,0,1,0,0,0,0,0,0,0,1,0,1,0
1,0.5010082179205558,-0.47908676070718687,-0.444999501816175,-0.13328218795573415,-0.5583460543187373,-0.6191736503203585,1,0,1,0,1,0,0,0,0,0,1,0,0,0,0,0,0,0,1,0
3,-0.838184441568525,-0.47908676070718687,-0.444999501816175,-0.49362394745620336,-0.5583460543187373,-0.6191736503203585,0,1,0,1,0,0,0,0,0,0,0,0,0,0,1,0,0,1,0,0
3,-0.9869836259562007,-0.47908676070718687,-0.444999501816175,-0.48782367768557205,-0.5583460543187373,-0.6191736503203585,1,0,1,0,1,0,0,0,0,0,0,0,0,0,1,0,0,1,0,0
3,-0.7637848493746872,-0.47908676070718687,-0.444999501816175,-0.3631178776169992,-0.5583460543187373,-0.05710824930139227,1,0,1,0,1,0,0,0,0,0,0,0,0,0,1,0,0,0,1,0
2,0.35220903353288013,-0.47908676070718687,-0.444999501816175,-0.3921192264701557,-0.5583460543187373,-0.6191736503203585,0,0,1,1,0,0,0,0,0,0,0,0,0,0,1,0,0,0,1,0
1,0.7242069945020693,0.481287771858981,-0.444999501816175,0.43731935073011946,0.07335229062787217,-0.05710824930139227,0,0,1,0,0,1,0,0,0,0,1,0,0,0,0,0,1,0,1,0
3,0.12901025695136667,0.481287771858981,-0.444999501816175,-0.3639241151151169,0.07335229062787217,-0.05710824930139227,0,0,0,0,0,1,0,0,0,0,0,0,0,0,1,0,1,0,1,0
3,0.20340984914520452,-0.47908676070718687,-0.444999501816175,-0.4902404567566684,-0.5583460543187373,-0.6191736503203585,1,0,1,0,1,0,0,0,0,0,0,0,0,0,1,0,0,0,1,0
2,-0.3173872962116603,0.481287771858981,0.7107630931786129,-0.06343727280104898,0.7050506355744817,-0.05710824930139227,0,0,1,1,0,0,0,0,0,0,0,0,0,0,1,0,1,0,1,0
1,0.7242069945020693,0.481287771858981,0.7107630931786129,1.5003792603286252,0.7050506355744817,1.0670225527365402,0,0,0,0,0,1,0,0,1,0,0,0,0,0,0,0,1,0,1,0
2,1.8402008774096366,-0.47908676070718687,-0.444999501816175,-0.14077420307613292,-0.5583460543187373,-0.05710824930139227,1,0,1,0,1,0,0,0,0,0,0,0,0,0,1,0,0,0,1,0
1,0.5010082179205558,-0.47908676070718687,-0.444999501816175,0.13232183195775724,-0.5583460543187373,-0.6191736503203585,1,0,0,0,1,0,0,0,0,0,0,0,0,0,0,0,0,0,1,0
3,-0.24298770401782244,-0.47908676070718687,-0.444999501816175,-0.4750147486087613,-0.5583460543187373,-0.6191736503203585,1,0,0,0,1,0,0,0,0,0,0,0,0,0,1,0,0,0,1,0
1,-0.838184441568525,-0.47908676070718687,1.8665256881734007,0.8965073742384304,0.7050506355744817,0.5049571517175739,0,0,1,1,0,0,0,0,0,0,1,0,0,0,0,0,1,1,0,0
2,1.3194037320527718,-0.47908676070718687,-0.444999501816175,-0.3534507613326137,-0.5583460543187373,-0.6191736503203585,1,0,1,0,1,0,0,0,0,0,0,0,0,0,1,0,0,0,1,0
1,2.2865984305726634,0.481287771858981,0.7107630931786129,0.8878069695824834,0.7050506355744817,-0.05710824930139227,1,0,0,0,1,0,0,1,0,0,0,0,0,0,0,0,1,0,1,0
3,-0.5405860727931737,-0.47908676070718687,-0.444999501816175,-0.48782367768557205,-0.5583460543187373,-0.6191736503203585,1,0,1,0,1,0,0,0,0,0,0,0,0,0,1,0,0,0,1,0
3,-0.24298770401782244,-0.47908676070718687,-0.444999501816175,-0.48782367768557205,-0.5583460543187373,-0.6191736503203585,1,0,1,0,1,0,0,0,0,0,0,0,0,0,1,0,0,0,1,0
3,0.426608625726718,-0.47908676070718687,-0.444999501816175,-0.5057078428116852,-0.5583460543187373,-0.6191736503203585,1,0,1,0,1,0,0,0,0,0,0,0,0,0,1,0,0,0,1,0
1,1.691401693021961,0.481287771858981,-0.444999501816175,0.8697623303260494,0.07335229062787217,-0.05710824930139227,0,0,0,0,0,1,0,0,0,1,0,0,0,0,0,0,1,0,1,0
3,1.3194037320527718,-0.47908676070718687,-0.444999501816175,-0.5032910637405889,-0.5583460543187373,-0.6191736503203585,1,0,1,0,1,0,0,0,0,0,0,0,0,0,1,0,0,0,1,0
3,-0.838184441568525,-0.47908676070718687,1.8665256881734007,-0.49362394745620336,0.7050506355744817,-0.6191736503203585,0,1,0,1,0,0,0,0,0,0,0,0,0,0,1,0,1,1,0,0
2,0.5754078101143936,0.481287771858981,-0.444999501816175,-0.14077420307613292,0.07335229062787217,-0.05710824930139227,1,0,1,0,1,0,0,0,0,0,0,0,0,0,1,0,1,0,1,0
3,0.5010082179205558,0.481287771858981,0.7107630931786129,-0.17654253332835926,0.7050506355744817,0.5049571517175739,1,0,1,0,1,0,0,0,0,0,0,0,0,0,1,0,1,0,1,0
2,-0.6893852571808494,-0.47908676070718687,-0.444999501816175,-0.005434575094736029,-0.5583460543187373,0.5049571517175739,0,0,1,1,0,0,0,0,0,0,0,0,0,0,1,0,0,0,1,0
3,1.4682029164404475,-0.47908676070718687,-0.444999501816175,-0.6434642498641785,-0.5583460543187373,1.0670225527365402,1,0,1,0,1,0,0,0,0,0,0,0,0,0,1,0,0,0,1,0
3,-0.24298770401782244,-0.47908676070718687,-0.444999501816175,-0.5037744195548081,-0.5583460543187373,-0.6191736503203585,1,0,0,0,1,0,0,0,0,0,0,0,0,0,1,0,0,0,1,0
1,1.4682029164404475,0.481287771858981,-0.444999501816175,0.4572181428898986,0.07335229062787217,-0.05710824930139227,1,0,0,0,0,0,1,0,0,0,0,0,0,0,0,0,1,0,1,0
2,-0.3917868884054981,1.4416623044251486,0.7107630931786129,-0.12143997050736192,1.3367489805210908,-0.05710824930139227,0,0,1,0,0,1,0,0,0,0,0,0,0,0,1,0,1,0,1,0
3,-0.24298770401782244,-0.47908676070718687,-0.444999501816175,-0.4908050163476765,-0.5583460543187373,-0.6191736503203585,1,0,1,0,1,0,0,0,0,0,0,0,0,0,1,0,0,0,1,0
1,0.9102059749866638,-0.47908676070718687,-0.444999501816175,0.17630721105171118,-0.5583460543187373,-0.05710824930139227,1,0,1,0,1,0,0,0,0,0,0,0,0,0,1,0,0,0,1,0
3,1.0962049554712583,-0.47908676070718687,-0.444999501816175,-0.48782367768557205,-0.5583460543187373,-0.6191736503203585,1,0,1,0,1,0,0,0,0,0,0,0,0,0,1,0,0,0,1,0
1,0.426608625726718,-0.47908676070718687,-0.444999501816175,-0.13014037516330884,-0.5583460543187373,-0.6191736503203585,1,0,0,0,1,0,0,0,0,0,0,0,0,0,1,0,0,0,1,0
3,0.5010082179205558,0.481287771858981,-0.444999501816175,-0.34281693341978964,0.07335229062787217,-0.05710824930139227,1,0,1,0,1,0,0,0,0,0,0,0,0,0,1,0,1,0,1,0
3,0.05461066475752886,-0.47908676070718687,-0.444999501816175,-0.4908050163476765,-0.5583460543187373,-0.6191736503203585,1,0,1,0,1,0,0,0,0,0,0,0,0,0,1,0,0,0,1,0
1,-0.16858811182398462,-0.47908676070718687,-0.444999501816175,-0.05377015651666348,-0.5583460543187373,-0.6191736503203585,1,0,1,0,1,0,0,0,0,0,0,0,0,0,1,0,0,0,1,0
2,-0.5405860727931737,0.481287771858981,1.8665256881734007,0.16043767295926398,1.3367489805210908,1.0670225527365402,0,0,0,0,0,1,0,0,0,0,0,0,0,0,1,0,1,0,1,0
1,0.7986065866959071,-0.47908676070718687,-0.444999501816175,2.3236154157208384,-0.5583460543187373,0.5049571517175739,0,0,1,1,0,0,0,0,1,0,0,0,0,0,0,0,0,0,1,0
3,0.7242069945020693,0.481287771858981,5.333813473157765,-0.038786126275866,3.2318440153609194,2.753218755793439,0,0,1,0,0,1,0,0,0,0,0,0,0,0,1,1,0,0,1,0
3,-0.24298770401782244,-0.47908676070718687,-0.444999501816175,-0.507157910254343,-0.5583460543187373,-0.6191736503203585,1,0,1,0,1,0,0,0,0,0,0,0,0,0,1,0,0,0,1,0
3,-0.838184441568525,0.481287771858981,-0.444999501816175,-0.3437836450482282,0.07335229062787217,-0.05710824930139227,0,1,0,1,0,0,0,0,0,0,0,0,0,0,1,0,1,1,0,0
3,-0.24298770401782244,-0.47908676070718687,-0.444999501816175,-0.49362394745620336,-0.5583460543187373,-0.6191736503203585,1,1,0,0,1,0,0,0,0,0,0,0,0,0,1,0,0,0,1,0
3,0.426608625726718,-0.47908676070718687,-0.444999501816175,-0.48782367768557205,-0.5583460543187373,-0.6191736503203585,1,0,1,0,1,0,0,0,0,0,0,0,0,0,1,0,0,0,1,0
2,-0.3917868884054981,0.481287771858981,1.8665256881734007,0.6132608671059354,1.3367489805210908,1.6290879537555065,0,0,1,1,0,0,0,0,0,0,0,0,0,0,1,0,1,0,1,0
3,0.35220903353288013,0.481287771858981,0.7107630931786129,-0.3650513008738763,0.7050506355744817,0.5049571517175739,1,0,1,0,1,0,0,0,0,0,0,0,0,0,1,0,1,0,1,0
3,-0.24298770401782244,0.481287771858981,-0.444999501816175,-0.3321831055069656,0.07335229062787217,-0.05710824930139227,0,0,1,0,0,1,0,0,0,0,0,0,0,0,1,0,1,0,1,0
2,-1.8797787322822546,1.4416623044251486,0.7107630931786129,0.11057082031788987,1.3367489805210908,1.0670225527365402,0,0,1,1,0,0,0,0,0,0,0,1,0,0,0,0,1,0,0,0
2,-0.24298770401782244,-0.47908676070718687,-0.444999501816175,-0.44045480789208313,-0.5583460543187373,-0.6191736503203585,1,0,1,0,1,0,0,0,0,0,0,0,0,0,1,0,0,0,1,0
3,-0.16858811182398462,0.481287771858981,-0.444999501816175,-0.3640033854686489,0.07335229062787217,-0.05710824930139227,1,0,0,0,1,0,0,0,0,0,0,0,0,0,1,0,1,0,1,0
1,0.9474057710835827,0.481287771858981,-0.444999501816175,0.37263087540152556,0.07335229062787217,-0.05710824930139227,1,0,1,0,1,0,0,0,0,1,0,0,0,0,0,0,1,0,1,0
3,-0.6893852571808494,0.481287771858981,0.7107630931786129,-0.33911056103635623,0.7050506355744817,0.5049571517175739,1,0,0,0,1,0,0,0,0,0,0,0,0,0,1,0,1,0,1,0
3,-0.6149856649870116,-0.47908676070718687,-0.444999501816175,-0.4916093204225374,-0.5583460543187373,-0.6191736503203585,1,0,1,0,1,0,0,0,0,0,0,0,0,0,1,0,0,0,1,0
3,-0.6149856649870116,-0.47908676070718687,-0.444999501816175,-0.3321831055069656,-0.5583460543187373,-0.05710824930139227,1,0,1,0,1,0,0,0,0,0,0,0,0,0,1,0,0,0,1,0
1,2.3609980227665015,-0.47908676070718687,-0.444999501816175,-0.01856638585544531,-0.5583460543187373,-0.6191736503203585,1,0,1,0,1,0,0,0,0,1,0,0,0,0,0,0,0,0,0,1
2,2.06339965399115,-0.47908676070718687,-0.444999501816175,-0.40468647763985677,-0.5583460543187373,-0.6191736503203585,1,1,0,0,0,0,1,0,0,0,0,0,0,0,1,0,0,0,1,0
1,-0.6149856649870116,-0.47908676070718687,-0.444999501816175,0.8637996530018404,-0.5583460543187373,0.5049571517175739,0,0,1,1,0,0,0,0,0,1,0,0,0,0,0,0,0,0,1,0
3,-0.24298770401782244,-0.47908676070718687,-0.444999501816175,-0.4908050163476765,-0.5583460543187373,-0.6191736503203585,1,0,1,0,1,0,0,0,0,0,0,0,0,0,1,0,0,0,1,0
3,-0.24298770401782244,-0.47908676070718687,-0.444999501816175,-0.4939468291401018,-0.5583460543187373,-0.6191736503203585,1,1,0,0,1,0,0,0,0,0,0,0,0,0,1,0,0,0,1,0
1,3.7745902744494204,-0.47908676070718687,-0.444999501816175,-0.06343727280104898,-0.5583460543187373,-0.6191736503203585,1,0,1,0,1,0,0,0,0,0,0,0,0,0,0,0,0,0,0,1
3,1.6170021008281232,-0.47908676070718687,-0.444999501816175,-0.5070767064775542,-0.5583460543187373,-0.6191736503203585,1,0,1,0,1,0,0,0,0,0,0,0,0,0,1,0,0,0,1,0
1,0.20340984914520452,-0.47908676070718687,-0.444999501816175,-0.05377015651666348,-0.5583460543187373,-0.6191736503203585,1,0,0,0,0,0,1,1,0,0,0,0,0,0,0,0,0,0,1,0
1,0.9102059749866638,-0.47908676070718687,-0.444999501816175,-0.6434642498641785,-0.5583460543187373,-0.6191736503203585,1,0,1,0,1,0,0,0,0,0,0,0,0,0,1,0,0,0,1,0
3,-1.5077807713130655,2.4020368369913165,1.8665256881734007,-0.10403916119546806,2.6001456704143098,2.191153354774473,0,0,1,1,0,0,0,0,0,0,0,0,0,0,1,1,0,0,0,0
2,-0.0941885196301468,-0.47908676070718687,-0.444999501816175,-0.3921192264701557,-0.5583460543187373,-0.6191736503203585,0,0,1,1,0,0,0,0,0,0,0,0,0,0,1,0,0,0,1,0
3,0.20340984914520452,-0.47908676070718687,-0.444999501816175,-0.4902404567566684,-0.5583460543187373,-0.6191736503203585,1,0,1,0,1,0,0,0,0,0,0,0,0,0,1,0,0,0,1,0
2,0.12901025695136667,0.481287771858981,0.7107630931786129,-0.13594064493394017,0.7050506355744817,0.5049571517175739,1,0,1,0,1,0,0,0,0,0,0,0,0,0,1,0,1,0,1,0
3,0.873006178889745,-0.47908676070718687,5.333813473157765,0.12386310520891992,2.6001456704143098,2.753218755793439,0,0,1,0,0,1,0,0,0,0,0,0,0,0,1,1,0,0,1,0
3,-0.24298770401782244,0.481287771858981,-0.444999501816175,-0.3321831055069656,0.07335229062787217,-0.05710824930139227,1,0,1,0,1,0,0,0,0,0,0,0,0,0,1,0,1,0,1,0
3,-0.6893852571808494,-0.47908676070718687,-0.444999501816175,-0.4916093204225374,-0.5583460543187373,-0.6191736503203585,1,0,1,0,1,0,0,0,0,0,0,0,0,0,1,0,0,0,1,0
1,-0.3917868884054981,-0.47908676070718687,-0.444999501816175,0.6963980671516505,-0.5583460543187373,-0.05710824930139227,0,0,0,1,0,0,0,1,0,0,0,0,0,0,0,0,0,0,1,0
3,-2.02857791666993,2.4020368369913165,1.8665256881734007,-0.10403916119546806,2.6001456704143098,2.191153354774473,0,0,1,1,0,0,0,0,0,0,0,0,0,0,1,1,0,0,0,0
3,-0.24298770401782244,-0.47908676070718687,-0.444999501816175,0.4488386864945933,-0.5583460543187373,3.3152841568124054,1,0,1,0,1,0,0,0,0,0,0,0,0,0,1,0,0,0,1,0
3,-2.1215774069122273,1.4416623044251486,0.7107630931786129,-0.2711197987850163,1.3367489805210908,1.0670225527365402,0,0,0,1,0,0,0,0,0,0,0,0,0,0,1,0,1,0,0,0
1,1.3938033242466097,0.481287771858981,-0.444999501816175,0.8400359477515641,0.07335229062787217,0.5049571517175739,1,0,0,0,1,0,0,0,0,1,0,0,0,0,0,0,1,0,1,0
3,-0.7637848493746872,-0.47908676070718687,-0.444999501816175,-0.4908050163476765,-0.5583460543187373,-0.6191736503203585,1,0,1,0,1,0,0,0,0,0,0,0,0,0,1,0,0,0,1,0
1,1.9890000617973123,-0.47908676070718687,-0.444999501816175,0.042901006327191425,-0.5583460543187373,-0.6191736503203585,1,0,0,0,0,0,1,0,0,0,0,0,0,0,0,0,0,0,1,0
3,-0.24298770401782244,-0.47908676070718687,-0.444999501816175,-0.49749079396995755,-0.5583460543187373,-0.6191736503203585,1,0,1,0,1,0,0,0,0,0,0,0,0,0,1,0,0,0,1,0
3,-0.46618648059933593,-0.47908676070718687,-0.444999501816175,-0.49749079396995755,-0.5583460543187373,-0.6191736503203585,0,0,1,1,0,0,0,0,0,0,0,0,0,0,1,0,0,0,1,0
3,-0.24298770401782244,-0.47908676070718687,-0.444999501816175,-0.4908050163476765,-0.5583460543187373,-0.6191736503203585,1,0,1,0,1,0,0,0,0,0,0,0,0,0,1,0,0,0,1,0
2,-0.838184441568525,-0.47908676070718687,0.7107630931786129,-0.19877690078244586,0.07335229062787217,-0.05710824930139227,0,0,1,1,0,0,0,0,0,0,0,0,0,0,1,0,1,1,0,0
3,-0.6149856649870116,-0.47908676070718687,-0.444999501816175,-0.4804128663419621,-0.5583460543187373,-0.6191736503203585,1,0,1,0,1,0,0,0,0,0,0,0,0,0,1,0,0,0,1,0
3,-0.838184441568525,-0.47908676070718687,-0.444999501816175,-0.4920926762367567,-0.5583460543187373,-0.6191736503203585,0,1,0,1,0,0,0,0,0,0,0,0,0,0,1,0,0,1,0,0
3,-0.838184441568525,-0.47908676070718687,-0.444999501816175,-0.5129581800249743,-0.5583460543187373,-0.6191736503203585,0,1,0,1,0,0,0,0,0,0,0,0,0,0,1,0,0,1,0,0
2,-0.3917868884054981,1.4416623044251486,-0.444999501816175,0.7776018439404888,0.7050506355744817,2.753218755793439,1,0,1,0,1,0,0,0,0,0,0,0,0,0,1,0,1,0,1,0
3,-0.24298770401782244,-0.47908676070718687,-0.444999501816175,-0.4908050163476765,-0.5583460543187373,-0.6191736503203585,1,0,1,0,1,0,0,0,0,0,0,0,0,0,1,0,0,0,1,0
3,0.20340984914520452,0.481287771858981,0.7107630931786129,-0.3437836450482282,0.7050506355744817,-0.05710824930139227,0,1,0,0,0,1,0,0,0,0,0,0,0,0,1,0,1,0,1,0
2,-0.46618648059933593,-0.47908676070718687,-0.444999501816175,-0.3921192264701557,-0.5583460543187373,-0.6191736503203585,1,0,1,0,1,0,0,0,0,0,0,0,0,0,1,0,0,0,1,0
1,2.1377992461849877,-0.47908676070718687,1.8665256881734007,1.5466209443633547,0.7050506355744817,0.5049571517175739,1,0,0,0,1,0,0,0,0,1,0,0,0,0,0,0,1,0,1,0
1,1.5426025086342854,1.4416623044251486,-0.444999501816175,1.9405559329520634,0.7050506355744817,-0.05710824930139227,1,0,1,0,0,0,1,0,0,0,0,0,0,0,1,0,1,0,1,0
3,0.7986065866959071,-0.47908676070718687,-0.444999501816175,-0.5037744195548081,-0.5583460543187373,-0.6191736503203585,1,0,0,0,1,0,0,0,0,0,0,0,0,0,1,0,0,0,1,0
1,1.3194037320527718,-0.47908676070718687,-0.444999501816175,-0.14874957401075098,-0.5583460543187373,-0.6191736503203585,1,0,1,0,1,0,0,0,0,0,1,0,0,0,0,0,0,0,1,0
3,0.5010082179205558,-0.47908676070718687,-0.444999501816175,-0.49853870937518496,-0.5583460543187373,-0.6191736503203585,1,0,1,0,1,0,0,0,0,0,0,0,0,0,1,0,0,0,1,0
3,-0.6893852571808494,0.481287771858981,-0.444999501816175,-0.4902404567566684,0.07335229062787217,-0.6191736503203585,1,0,1,0,1,0,0,0,0,0,0,0,0,0,1,0,1,0,1,0
2,0.20340984914520452,1.4416623044251486,-0.444999501816175,0.7776018439404888,0.7050506355744817,2.753218755793439,1,0,1,0,1,0,0,0,0,0,0,0,0,0,1,0,1,0,1,0
2,-0.3173872962116603,-0.47908676070718687,-0.444999501816175,-0.3921192264701557,-0.5583460543187373,-0.6191736503203585,1,0,1,0,1,0,0,0,0,0,0,0,0,0,1,0,0,0,1,0
3,-0.24298770401782244,-0.47908676070718687,-0.444999501816175,-0.4931405916419841,-0.5583460543187373,-0.6191736503203585,1,0,1,0,1,0,0,0,0,0,0,0,0,0,1,0,0,0,1,0
3,1.0218053632774207,-0.47908676070718687,-0.444999501816175,-0.48782367768557205,-0.5583460543187373,-0.6191736503203585,1,0,1,0,1,0,0,0,0,0,0,0,0,0,1,0,0,0,1,0
1,1.1706045476650961,0.481287771858981,-0.444999501816175,0.36191584371191265,0.07335229062787217,-0.05710824930139227,0,0,1,0,0,1,0,0,1,0,0,0,0,0,0,0,1,0,1,0
2,0.7986065866959071,0.481287771858981,0.7107630931786129,0.11057082031788987,0.7050506355744817,0.5049571517175739,0,0,1,0,0,1,0,0,0,0,0,0,0,0,1,0,1,0,1,0
1,0.12901025695136667,0.481287771858981,-0.444999501816175,0.36191584371191265,0.07335229062787217,-0.05710824930139227,1,0,1,0,1,0,0,1,0,0,0,0,0,0,0,0,1,0,1,0
2,3.030594352511042,-0.47908676070718687,-0.444999501816175,-0.44045480789208313,-0.5583460543187373,-0.6191736503203585,1,0,1,0,1,0,0,0,0,0,0,0,0,0,1,0,0,0,0,1
2,0.12901025695136667,-0.47908676070718687,-0.444999501816175,-0.3921192264701557,-0.5583460543187373,-0.6191736503203585,1,0,1,0,1,0,0,0,0,0,0,0,0,0,1,0,0,0,1,0
2,0.05461066475752886,-0.47908676070718687,-0.444999501816175,-0.6434642498641785,-0.5583460543187373,-0.6191736503203585,1,0,1,0,1,0,0,0,0,0,0,0,0,0,1,0,0,0,1,0
3,-0.838184441568525,-0.47908676070718687,-0.444999501816175,-0.4931405916419841,-0.5583460543187373,-0.6191736503203585,1,0,1,0,1,0,0,0,0,0,0,0,0,0,1,0,0,1,0,0
3,-0.35458709230857915,-0.47908676070718687,-0.444999501816175,-0.48782367768557205,-0.5583460543187373,-0.6191736503203585,1,0,1,0,1,0,0,0,0,0,0,0,0,0,1,0,0,0,1,0
3,-0.838184441568525,-0.47908676070718687,-0.444999501816175,-0.4531825331921051,-0.5583460543187373,-0.6191736503203585,0,0,1,1,0,0,0,0,0,0,0,0,0,0,1,0,0,1,0,0
3,1.0218053632774207,0.481287771858981,6.4895760681525525,0.2633112576111806,3.8635423603075285,3.3152841568124054,0,0,1,0,0,1,0,0,0,0,0,0,0,0,1,1,0,0,1,0
1,0.5010082179205558,-0.47908676070718687,0.7107630931786129,9.262027654708204,0.07335229062787217,1.0670225527365402,1,0,0,0,1,0,0,1,0,0,0,0,0,0,0,0,1,0,1,0
3,-0.838184441568525,-0.47908676070718687,-0.444999501816175,-0.4861319323358046,-0.5583460543187373,-0.6191736503203585,0,1,0,1,0,0,0,0,0,0,0,0,0,0,1,0,0,1,0,0
1,-0.16858811182398462,-0.47908676070718687,-0.444999501816175,0.8400359477515641,-0.5583460543187373,0.5049571517175739,1,0,0,0,1,0,0,0,0,1,0,0,0,0,0,0,0,0,1,0
3,-0.6893852571808494,-0.47908676070718687,-0.444999501816175,-0.4651059544172661,-0.5583460543187373,-0.6191736503203585,1,0,1,0,1,0,0,0,0,0,0,0,0,0,1,0,0,0,1,0
3,-1.1357828103438763,4.322785902123652,1.8665256881734007,0.2633112576111806,3.8635423603075285,3.3152841568124054,1,0,1,0,1,0,0,0,0,0,0,0,0,0,1,1,0,1,0,0
2,2.2865984305726634,0.481287771858981,0.7107630931786129,0.11057082031788987,0.7050506355744817,0.5049571517175739,1,0,1,0,1,0,0,0,0,0,0,0,0,0,1,0,1,0,1,0
2,-0.3173872962116603,0.481287771858981,1.8665256881734007,0.16043767295926398,1.3367489805210908,1.0670225527365402,1,0,0,0,1,0,0,0,0,0,0,0,0,0,1,0,1,0,1,0
3,-1.1357828103438763,3.3624113695574844,0.7107630931786129,0.12386310520891992,2.6001456704143098,2.753218755793439,1,0,1,0,1,0,0,0,0,0,0,0,0,0,1,1,0,1,0,0
3,-0.7637848493746872,-0.47908676070718687,-0.444999501816175,-0.44681963725372253,-0.5583460543187373,-0.6191736503203585,1,0,1,0,1,0,0,0,0,0,0,0,0,0,1,0,0,0,1,0
3,-0.838184441568525,-0.47908676070718687,-0.444999501816175,-0.49273843960455366,-0.5583460543187373,-0.6191736503203585,1,0,1,0,1,0,0,0,0,0,0,0,0,0,1,0,0,1,0,0
1,-1.0613832181500384,-0.47908676070718687,0.7107630931786129,3.4425841256384593,0.07335229062787217,1.0670225527365402,0,0,1,1,0,0,0,1,0,0,0,0,0,0,0,0,1,1,0,0
1,0.12901025695136667,0.481287771858981,-0.444999501816175,0.45858700655576756,0.07335229062787217,-0.05710824930139227,1,0,1,0,1,0,0,1,0,0,0,0,0,0,0,0,1,0,1,0
3,-1.8797787322822546,-0.47908676070718687,0.7107630931786129,-0.3840626517587488,0.07335229062787217,-0.05710824930139227,0,0,0,1,0,0,0,0,0,0,0,0,0,0,1,0,1,0,0,0
3,-0.24298770401782244,-0.47908676070718687,-0.444999501816175,0.4488386864945933,-0.5583460543187373,3.3152841568124054,1,0,1,0,1,0,0,0,0,0,0,0,0,0,1,0,0,0,1,0
3,-0.3173872962116603,-0.47908676070718687,-0.444999501816175,-0.5037744195548081,-0.5583460543187373,-0.6191736503203585,1,0,0,0,1,0,0,0,0,0,0,0,0,0,1,0,0,0,1,0
1,2.2865984305726634,-0.47908676070718687,-0.444999501816175,-0.13014037516330884,-0.5583460543187373,-0.6191736503203585,1,0,1,0,0,0,1,0,0,0,0,0,0,0,1,0,0,0,1,0
2,1.691401693021961,-0.47908676070718687,-0.444999501816175,-0.3824521101857702,-0.5583460543187373,-0.6191736503203585,1,0,1,0,1,0,0,0,0,0,0,0,0,0,1,0,0,0,1,0
3,1.0962049554712583,-0.47908676070718687,-0.444999501816175,-0.48782367768557205,-0.5583460543187373,-0.6191736503203585,1,0,1,0,1,0,0,0,0,0,0,0,0,0,1,0,0,0,1,0
3,-0.838184441568525,-0.47908676070718687,-0.444999501816175,-0.4939468291401018,-0.5583460543187373,-0.6191736503203585,0,1,0,1,0,0,0,0,0,0,0,0,0,0,1,0,0,1,0,0
1,1.4682029164404475,0.481287771858981,0.7107630931786129,1.5003792603286252,0.7050506355744817,1.0670225527365402,1,0,0,0,1,0,0,0,1,0,0,0,0,0,0,0,1,0,1,0
3,0.9474057710835827,-0.47908676070718687,-0.444999501816175,-0.4955573707130805,-0.5583460543187373,-0.6191736503203585,1,0,1,0,1,0,0,0,0,0,0,1,0,0,0,0,0,0,1,0
1,-0.838184441568525,0.481287771858981,-0.444999501816175,3.7555570153454396,0.07335229062787217,1.6290879537555065,0,0,0,0,0,1,0,0,1,0,0,0,0,0,0,0,1,1,0,0
1,0.426608625726718,-0.47908676070718687,-0.444999501816175,-0.13521561121261122,-0.5583460543187373,-0.6191736503203585,1,0,1,0,1,0,0,0,0,0,1,0,0,0,0,0,0,0,1,0
3,-0.838184441568525,-0.47908676070718687,0.7107630931786129,-0.3640033854686489,0.07335229062787217,-0.05710824930139227,0,0,0,1,0,0,0,0,0,0,0,0,0,0,1,0,1,1,0,0
3,-0.3173872962116603,-0.47908676070718687,-0.444999501816175,-0.49378442158652414,-0.5583460543187373,-0.6191736503203585,1,1,0,0,1,0,0,0,0,0,0,0,0,0,1,0,0,0,1,0
3,-0.24298770401782244,0.481287771858981,-0.444999501816175,-0.4916093204225374,0.07335229062787217,-0.6191736503203585,1,0,1,0,1,0,0,0,0,0,0,0,0,0,1,0,1,0,1,0
2,0.7242069945020693,-0.47908676070718687,-0.444999501816175,-0.14077420307613292,-0.5583460543187373,-0.05710824930139227,1,0,1,0,1,0,0,0,0,0,0,0,0,0,1,0,0,0,1,0
2,1.1706045476650961,-0.47908676070718687,-0.444999501816175,-0.3824521101857702,-0.5583460543187373,-0.6191736503203585,0,0,1,0,0,1,0,0,0,0,0,0,0,0,1,0,0,0,1,0
1,0.9474057710835827,-0.47908676070718687,-0.444999501816175,-0.13521561121261122,-0.5583460543187373,-0.6191736503203585,1,0,1,0,1,0,0,0,0,0,1,0,0,0,0,0,0,0,1,0
1,-0.5405860727931737,-0.47908676070718687,-0.444999501816175,2.286638695933064,-0.5583460543187373,2.191153354774473,0,0,1,1,0,0,0,0,0,0,0,0,0,0,1,0,0,0,1,0
3,-1.7309795478945789,0.481287771858981,0.7107630931786129,-0.34869840696720983,0.7050506355744817,0.5049571517175739,1,0,0,0,0,0,0,0,0,0,0,0,0,0,1,0,1,0,0,0
1,-0.3917868884054981,-0.47908676070718687,-0.444999501816175,0.313661466066774,-0.5583460543187373,-0.6191736503203585,0,0,0,1,0,0,0,0,1,0,0,0,0,0,0,0,0,0,1,0
1,0.9102059749866638,-0.47908676070718687,-0.444999501816175,-0.13014037516330884,-0.5583460543187373,-0.6191736503203585,1,0,1,0,1,0,0,0,1,0,0,0,0,0,0,0,0,0,1,0
1,1.3938033242466097,0.481287771858981,-0.444999501816175,0.36191584371191265,0.07335229062787217,-0.05710824930139227,1,0,1,0,1,0,0,0,1,0,0,0,0,0,0,0,1,0,1,0
3,-0.019788927436308962,-0.47908676070718687,-0.444999501816175,-0.4601119221447526,-0.5583460543187373,-0.6191736503203585,1,0,1,0,1,0,0,0,0,0,0,0,0,0,1,0,0,0,1,0
2,1.691401693021961,-0.47908676070718687,-0.444999501816175,-0.3921192264701557,-0.5583460543187373,-0.05710824930139227,1,0,1,0,1,0,0,0,0,0,0,0,0,0,1,0,0,0,1,0
3,-0.7637848493746872,-0.47908676070718687,-0.444999501816175,-0.4955573707130805,-0.5583460543187373,-0.6191736503203585,1,0,1,0,1,0,0,0,0,0,0,1,0,0,0,0,0,0,1,0
1,0.6498074023082314,-0.47908676070718687,-0.444999501816175,3.7555570153454396,-0.5583460543187373,1.6290879537555065,0,0,0,1,0,0,0,0,1,0,0,0,0,0,0,0,0,0,1,0
2,-0.16858811182398462,-0.47908676070718687,-0.444999501816175,-0.44045480789208313,-0.5583460543187373,-0.6191736503203585,0,0,1,1,0,0,0,0,0,0,1,0,0,0,0,0,0,0,1,0
3,-0.24298770401782244,-0.47908676070718687,-0.444999501816175,-0.3437836450482282,-0.5583460543187373,-0.05710824930139227,1,1,0,0,1,0,0,0,0,0,0,0,0,0,1,0,0,0,1,0
3,0.27780944133904234,-0.47908676070718687,-0.444999501816175,-0.4931405916419841,-0.5583460543187373,-0.6191736503203585,1,0,1,0,1,0,0,0,0,0,0,0,0,0,1,0,0,0,1,0
2,-1.7309795478945789,-0.47908676070718687,0.7107630931786129,-0.005434575094736029,0.07335229062787217,0.5049571517175739,0,0,1,1,0,0,0,0,0,0,0,0,0,0,1,0,1,0,0,0
3,-0.9125840337623629,0.481287771858981,-0.444999501816175,-0.5070767064775542,0.07335229062787217,-0.6191736503203585,1,0,1,0,1,0,0,0,0,0,0,0,0,0,1,0,1,1,0,0
2,0.35220903353288013,-0.47908676070718687,-0.444999501816175,-0.3921192264701557,-0.5583460543187373,-0.6191736503203585,1,0,1,0,1,0,0,0,0,0,0,0,0,0,1,0,0,0,1,0
2,1.5426025086342854,-0.47908676070718687,-0.444999501816175,-0.3921192264701557,-0.5583460543187373,-0.6191736503203585,1,0,1,0,1,0,0,0,0,0,0,0,0,0,1,0,0,0,1,0
1,-0.16858811182398462,0.481287771858981,-0.444999501816175,0.38318349953756076,0.07335229062787217,-0.05710824930139227,1,0,1,0,1,0,0,0,0,0,1,0,0,0,0,0,1,0,1,0
3,-0.6893852571808494,-0.47908676070718687,-0.444999501816175,-0.4759814602371998,-0.5583460543187373,-0.6191736503203585,1,0,1,0,1,0,0,0,0,0,0,0,0,0,1,0,0,0,1,0
2,0.05461066475752886,2.4020368369913165,-0.444999501816175,-0.23744536591998783,1.3367489805210908,-0.05710824930139227,0,0,1,0,0,1,0,0,0,0,0,0,0,0,1,0,1,0,1,0
3,-0.838184441568525,-0.47908676070718687,-0.444999501816175,-0.49386562536331297,-0.5583460543187373,-0.6191736503203585,0,1,0,1,0,0,0,0,0,0,0,0,0,0,1,0,0,1,0,0
2,-0.3173872962116603,0.481287771858981,-0.444999501816175,-0.14077420307613292,0.07335229062787217,-0.05710824930139227,1,0,1,0,1,0,0,0,0,0,0,0,0,0,1,0,1,0,1,0
3,-0.3173872962116603,0.481287771858981,-0.444999501816175,-0.4902404567566684,0.07335229062787217,-0.6191736503203585,0,0,1,1,0,0,0,0,0,0,0,0,0,0,1,0,1,0,1,0
1,-0.019788927436308962,-0.47908676070718687,-0.444999501816175,3.4425841256384593,-0.5583460543187373,1.0670225527365402,0,0,1,1,0,0,0,1,0,0,0,0,0,0,0,0,0,0,1,0
3,-1.3589815869253898,-0.47908676070718687,-0.444999501816175,-0.2802223554783936,-0.5583460543187373,-0.05710824930139227,1,0,0,0,1,0,0,0,0,0,0,0,0,0,1,0,0,0,0,0
2,0.05461066475752886,-0.47908676070718687,-0.444999501816175,-0.6434642498641785,-0.5583460543187373,-0.6191736503203585,1,0,1,0,1,0,0,0,0,0,0,0,0,0,1,0,0,0,1,0
2,-0.46618648059933593,-0.47908676070718687,-0.444999501816175,-0.3921192264701557,-0.5583460543187373,-0.6191736503203585,1,0,1,0,1,0,0,0,0,0,0,0,0,0,1,0,0,0,1,0
2,-0.46618648059933593,-0.47908676070718687,-0.444999501816175,-0.3921192264701557,-0.5583460543187373,-0.6191736503203585,1,0,1,0,1,0,0,0,0,0,0,0,0,0,1,0,0,0,1,0
3,-0.05698872353322788,-0.47908676070718687,-0.444999501816175,-0.3321831055069656,-0.5583460543187373,-0.05710824930139227,1,0,1,0,1,0,0,0,0,0,0,0,0,0,1,0,0,0,1,0
3,1.3938033242466097,0.481287771858981,3.022288283168189,0.02114999468732407,1.9684473254677004,1.6290879537555065,0,0,1,0,0,1,0,0,0,0,0,0,0,0,1,1,0,0,1,0
1,0.426608625726718,-0.47908676070718687,-0.444999501816175,9.262027654708204,-0.5583460543187373,1.0670225527365402,1,0,0,0,1,0,0,1,0,0,0,0,0,0,0,0,0,0,1,0
3,-0.24298770401782244,-0.47908676070718687,-0.444999501816175,-0.4908050163476765,-0.5583460543187373,-0.6191736503203585,1,0,1,0,1,0,0,0,0,0,0,0,0,0,1,0,0,0,1,0
3,-0.24298770401782244,-0.47908676070718687,-0.444999501816175,-0.4908050163476765,-0.5583460543187373,-0.6191736503203585,1,0,1,0,1,0,0,0,0,0,0,0,0,0,1,0,0,0,1,0
1,0.9102059749866638,-0.47908676070718687,-0.444999501816175,-0.06343727280104898,-0.5583460543187373,-0.6191736503203585,1,0,1,0,1,0,0,0,0,1,0,0,0,0,0,0,0,0,1,0
1,0.5010082179205558,0.481287771858981,-0.444999501816175,0.8810399881834134,0.07335229062787217,0.5049571517175739,1,0,1,0,1,0,0,0,1,0,0,0,0,0,0,0,1,0,1,0
1,-0.6149856649870116,1.4416623044251486,1.8665256881734007,4.429355020367108,1.9684473254677004,2.753218755793439,0,0,0,1,0,0,0,1,0,0,0,0,0,0,0,1,0,0,1,0
3,-0.3917868884054981,0.481287771858981,-0.444999501816175,-0.3321831055069656,0.07335229062787217,-0.05710824930139227,1,0,1,0,1,0,0,0,0,0,0,0,0,0,1,0,1,0,1,0
3,0.12901025695136667,-0.47908676070718687,-0.444999501816175,-0.4902404567566684,-0.5583460543187373,-0.6191736503203585,1,0,1,0,1,0,0,0,0,0,0,0,0,0,1,0,0,0,1,0
1,3.030594352511042,0.481287771858981,0.7107630931786129,0.7292662625185613,0.7050506355744817,-0.05710824930139227,1,0,1,0,0,0,1,1,0,0,0,0,0,0,0,0,1,0,0,1
3,-0.9869836259562007,0.481287771858981,0.7107630931786129,-0.25194604034656604,0.7050506355744817,0.5049571517175739,1,0,1,0,1,0,0,0,0,0,0,0,0,0,1,0,1,1,0,0
2,0.05461066475752886,-0.47908676070718687,-0.444999501816175,-0.3921192264701557,-0.5583460543187373,-0.6191736503203585,0,0,1,1,0,0,0,0,0,0,0,0,0,0,1,0,0,0,1,0
1,-0.7637848493746872,0.481287771858981,-0.444999501816175,0.38318349953756076,0.07335229062787217,-0.05710824930139227,1,0,1,0,1,0,0,0,0,1,0,0,0,0,0,0,1,0,1,0
3,0.12901025695136667,-0.47908676070718687,-0.444999501816175,-0.49362394745620336,-0.5583460543187373,-0.6191736503203585,1,1,0,0,1,0,0,0,0,0,0,0,0,0,1,0,0,0,1,0
2,-1.8797787322822546,0.481287771858981,0.7107630931786129,-0.19877690078244586,0.7050506355744817,0.5049571517175739,0,0,1,1,0,0,0,0,0,0,0,0,0,0,1,0,1,0,0,0
3,-1.7309795478945789,-0.47908676070718687,0.7107630931786129,-0.40226969856876044,0.07335229062787217,-0.05710824930139227,1,0,1,0,0,0,0,0,0,0,1,0,0,0,0,0,1,0,0,0
3,0.27780944133904234,-0.47908676070718687,-0.444999501816175,-0.4597890404608541,-0.5583460543187373,-0.6191736503203585,1,0,1,0,1,0,0,0,0,0,0,0,0,0,1,0,0,0,1,0
3,-0.46618648059933593,-0.47908676070718687,-0.444999501816175,-0.4908050163476765,-0.5583460543187373,-0.6191736503203585,1,0,1,0,1,0,0,0,0,0,0,0,0,0,1,0,0,0,1,0
2,1.3938033242466097,0.481287771858981,1.8665256881734007,0.6132608671059354,1.3367489805210908,1.6290879537555065,0,0,1,0,0,1,0,0,0,0,0,0,0,0,1,0,1,0,1,0
2,-2.1275293742877346,0.481287771858981,0.7107630931786129,-0.3631178776169992,0.7050506355744817,-0.05710824930139227,1,0,1,0,0,0,0,0,0,0,0,0,0,0,1,0,1,0,0,0
3,-0.0941885196301468,-0.47908676070718687,-0.444999501816175,-0.49273843960455366,-0.5583460543187373,-0.6191736503203585,1,0,1,0,1,0,0,0,0,0,0,0,0,0,1,0,0,0,1,0
2,-0.838184441568525,-0.47908676070718687,-0.444999501816175,-0.42112057532331215,-0.5583460543187373,-0.6191736503203585,1,0,1,0,1,0,0,0,0,0,0,0,0,0,1,0,0,1,0,0
3,0.35220903353288013,-0.47908676070718687,-0.444999501816175,-0.48782367768557205,-0.5583460543187373,-0.6191736503203585,1,0,1,0,1,0,0,0,0,0,0,0,0,0,1,0,0,0,1,0
1,0.27780944133904234,-0.47908676070718687,-0.444999501816175,1.0289468673345115,-0.5583460543187373,0.5049571517175739,0,0,1,0,0,0,1,1,0,0,0,0,0,0,0,0,0,0,1,0
3,-0.24298770401782244,-0.47908676070718687,-0.444999501816175,-0.3631178776169992,-0.5583460543187373,-0.05710824930139227,1,0,1,0,1,0,0,0,0,0,0,0,0,0,1,0,0,0,1,0
3,0.873006178889745,-0.47908676070718687,-0.444999501816175,-0.5057078428116852,-0.5583460543187373,-0.6191736503203585,1,0,1,0,1,0,0,0,0,0,0,0,0,0,1,0,0,0,1,0
3,-0.6893852571808494,-0.47908676070718687,-0.444999501816175,-0.5036932157780193,-0.5583460543187373,-0.6191736503203585,1,0,0,0,1,0,0,0,0,0,0,0,0,0,1,0,0,0,1,0
1,0.5010082179205558,0.481287771858981,1.8665256881734007,1.6766436583883395,1.3367489805210908,1.0670225527365402,0,0,1,0,0,1,0,1,0,0,0,0,0,0,0,0,1,0,1,0
3,-0.9869836259562007,-0.47908676070718687,-0.444999501816175,-0.4931405916419841,-0.5583460543187373,-0.6191736503203585,1,0,1,0,1,0,0,0,0,0,0,0,0,0,1,0,0,1,0,0
1,1.6170021008281232,0.481287771858981,-0.444999501816175,0.8637996530018404,0.07335229062787217,0.5049571517175739,0,0,1,0,0,1,0,0,0,1,0,0,0,0,0,0,1,0,1,0
1,1.4310031203435285,-0.47908676070718687,-0.444999501816175,0.12217135985915248,-0.5583460543187373,-0.6191736503203585,1,0,0,0,0,0,1,0,0,0,0,0,0,0,1,0,0,0,1,0
3,0.09181046085444777,-0.47908676070718687,-0.444999501816175,-0.49362394745620336,-0.5583460543187373,-0.6191736503203585,0,1,0,1,0,0,0,0,0,0,0,0,0,0,1,0,0,0,1,0
3,-0.24298770401782244,0.481287771858981,-0.444999501816175,-0.17654253332835926,0.07335229062787217,0.5049571517175739,1,1,0,0,1,0,0,0,0,0,0,0,0,0,1,0,1,0,1,0
3,0.20340984914520452,-0.47908676070718687,-0.444999501816175,-0.4817817300078311,-0.5583460543187373,-0.6191736503203585,1,0,1,0,1,0,0,0,0,0,0,0,0,0,1,0,0,0,1,0
3,-0.3917868884054981,-0.47908676070718687,-0.444999501816175,-0.4597890404608541,-0.5583460543187373,-0.6191736503203585,1,0,1,0,1,0,0,0,0,0,0,0,0,0,1,0,0,0,1,0
3,1.3938033242466097,-0.47908676070718687,-0.444999501816175,-0.4916093204225374,-0.5583460543187373,-0.6191736503203585,1,0,1,0,1,0,0,0,0,0,0,0,0,0,1,0,0,0,1,0
2,2.06339965399115,-0.47908676070718687,-0.444999501816175,-0.44045480789208313,-0.5583460543187373,-0.05710824930139227,0,0,1,0,0,1,0,0,0,0,1,0,0,0,0,0,0,0,1,0
3,-0.24298770401782244,-0.47908676070718687,-0.444999501816175,-0.5037744195548081,-0.5583460543187373,-0.6191736503203585,1,0,0,0,1,0,0,0,0,0,0,0,0,0,1,0,0,0,1,0
2,1.8402008774096366,0.481287771858981,3.022288283168189,-0.19877690078244586,1.9684473254677004,-0.05710824930139227,0,0,1,0,0,1,0,0,0,0,0,0,0,0,1,1,0,0,1,0
3,-0.838184441568525,-0.47908676070718687,-0.444999501816175,-0.49362394745620336,-0.5583460543187373,-0.6191736503203585,1,0,1,0,1,0,0,0,0,0,0,0,0,0,1,0,0,1,0,0
3,-0.24298770401782244,-0.47908676070718687,-0.444999501816175,-0.49362394745620336,-0.5583460543187373,-0.6191736503203585,1,1,0,0,1,0,0,0,0,0,0,1,0,0,0,0,0,0,1,0
3,-1.8053791400884167,-0.47908676070718687,-0.444999501816175,-0.40226969856876044,-0.5583460543187373,-0.05710824930139227,0,0,1,1,0,0,0,0,0,0,0,0,0,0,1,0,0,0,0,0
3,-0.24298770401782244,-0.47908676070718687,-0.444999501816175,-0.49386562536331297,-0.5583460543187373,-0.6191736503203585,1,1,0,0,1,0,0,0,0,0,0,0,0,0,1,0,0,0,1,0
1,1.0218053632774207,-0.47908676070718687,0.7107630931786129,3.4425841256384593,0.07335229062787217,1.0670225527365402,0,0,1,0,0,1,0,1,0,0,0,0,0,0,0,0,1,0,1,0
3,-1.2101824025377141,-0.47908676070718687,-0.444999501816175,-0.5036932157780193,-0.5583460543187373,-0.6191736503203585,0,0,0,1,0,0,0,0,0,0,0,0,0,0,1,0,0,1,0,0
1,-0.9125840337623629,0.481287771858981,-0.444999501816175,0.45858700655576756,0.07335229062787217,-0.05710824930139227,0,0,1,0,0,1,0,1,0,0,0,0,0,0,0,0,1,1,0,0
1,-0.019788927436308962,-0.47908676070718687,-0.444999501816175,-0.06343727280104898,-0.5583460543187373,-0.6191736503203585,1,0,1,0,1,0,0,0,0,1,0,0,0,0,0,0,0,0,1,0
3,-0.24298770401782244,0.481287771858981,1.8665256881734007,-0.19007649612649893,1.3367489805210908,1.0670225527365402,1,0,1,0,1,0,0,0,0,0,0,0,0,0,1,0,1,0,1,0
3,-0.3173872962116603,-0.47908676070718687,-0.444999501816175,-0.507157910254343,-0.5583460543187373,-0.6191736503203585,1,0,1,0,1,0,0,0,0,0,0,0,0,0,1,0,0,0,1,0
3,-0.3173872962116603,-0.47908676070718687,-0.444999501816175,-0.5032910637405889,-0.5583460543187373,-0.6191736503203585,1,0,1,0,1,0,0,0,0,0,0,0,0,0,1,0,0,0,1,0
3,-0.838184441568525,-0.47908676070718687,-0.444999501816175,-0.49853870937518496,-0.5583460543187373,-0.6191736503203585,0,0,1,1,0,0,0,0,0,0,0,0,0,0,1,0,0,1,0,0
3,-1.5821803635069032,3.3624113695574844,0.7107630931786129,-0.08035472629872359,2.6001456704143098,2.191153354774473,1,1,0,0,0,0,0,0,0,0,0,0,0,0,1,1,0,0,0,0
3,-2.102977508863768,0.481287771858981,1.8665256881734007,-0.2456624147617155,1.3367489805210908,1.0670225527365402,1,0,1,0,0,0,0,0,0,0,0,0,0,0,1,0,1,0,0,0
1,1.245004139858934,-0.47908676070718687,-0.444999501816175,0.8878069695824834,-0.5583460543187373,-0.05710824930139227,1,0,0,0,1,0,0,1,0,0,0,0,0,0,0,0,0,0,1,0
3,-0.24298770401782244,-0.47908676070718687,-0.444999501816175,-0.49362394745620336,-0.5583460543187373,-0.6191736503203585,1,1,0,0,1,0,0,0,0,0,0,0,0,0,1,0,0,0,1,0
2,-0.9869836259562007,-0.47908676070718687,-0.444999501816175,-0.14077420307613292,-0.5583460543187373,-0.05710824930139227,1,0,1,0,1,0,0,0,0,0,0,0,0,0,1,0,0,1,0,0
3,-0.838184441568525,7.203909499822155,1.8665256881734007,0.7012316252938433,5.758637395147358,5.001480359869304,0,0,1,1,0,0,0,0,0,0,0,0,0,0,1,1,0,1,0,0
1,0.9102059749866638,-0.47908676070718687,-0.444999501816175,-0.049984513779698155,-0.5583460543187373,-0.6191736503203585,1,0,0,0,1,0,0,0,0,0,0,0,0,0,1,0,0,0,1,0
3,-0.3173872962116603,-0.47908676070718687,-0.444999501816175,-0.4908050163476765,-0.5583460543187373,-0.6191736503203585,1,0,1,0,1,0,0,0,0,0,0,0,0,0,1,0,0,0,1,0
2,0.7242069945020693,-0.47908676070718687,-0.444999501816175,-0.3921192264701557,-0.5583460543187373,-0.6191736503203585,1,0,1,0,1,0,0,0,0,0,0,0,0,0,1,0,0,0,1,0
1,1.4682029164404475,-0.47908676070718687,-0.444999501816175,-0.14214306674200186,-0.5583460543187373,-0.6191736503203585,0,0,1,0,0,0,1,0,0,1,0,0,0,0,0,0,0,0,1,0
3,0.12901025695136667,-0.47908676070718687,-0.444999501816175,-0.4755793081997694,-0.5583460543187373,-0.6191736503203585,0,0,1,0,0,1,0,0,0,0,0,0,0,0,1,0,0,0,1,0
3,0.05461066475752886,-0.47908676070718687,-0.444999501816175,-0.5036932157780193,-0.5583460543187373,-0.6191736503203585,1,0,0,0,1,0,0,0,0,0,0,0,0,0,1,0,0,0,1,0
3,0.05461066475752886,0.481287771858981,0.7107630931786129,-0.17654253332835926,0.7050506355744817,0.5049571517175739,0,0,1,0,0,1,0,0,0,0,0,0,0,0,1,0,1,0,1,0
2,0.35220903353288013,-0.47908676070718687,-0.444999501816175,-0.3921192264701557,-0.5583460543187373,-0.05710824930139227,1,0,1,0,1,0,0,0,0,0,0,0,0,0,1,0,0,0,1,0
2,0.12901025695136667,0.481287771858981,0.7107630931786129,-0.13594064493394017,0.7050506355744817,0.5049571517175739,0,0,1,0,0,1,0,0,0,0,0,0,0,0,1,0,1,0,1,0
1,-1.3589815869253898,0.481287771858981,1.8665256881734007,1.6766436583883395,1.3367489805210908,1.0670225527365402,1,0,1,0,0,0,0,1,0,0,0,0,0,0,0,0,1,0,0,0
3,-2.1461292723361938,-0.47908676070718687,0.7107630931786129,-0.4788003913457266,0.07335229062787217,-0.05710824930139227,1,0,0,0,0,0,0,0,0,0,0,0,0,0,1,0,1,0,0,0
3,-0.16858811182398462,-0.47908676070718687,-0.444999501816175,-0.5086079776970008,-0.5583460543187373,-0.6191736503203585,1,0,1,0,1,0,0,0,0,0,0,0,0,0,1,0,0,0,1,0
3,0.12901025695136667,-0.47908676070718687,-0.444999501816175,-0.4931405916419841,-0.5583460543187373,-0.6191736503203585,1,0,1,0,1,0,0,0,0,0,0,0,0,0,1,0,0,0,1,0
1,0.7242069945020693,-0.47908676070718687,-0.444999501816175,-0.6434642498641785,-0.5583460543187373,-0.6191736503203585,1,0,1,0,1,0,0,0,0,0,0,0,0,0,0,0,0,0,1,0
3,-0.838184441568525,-0.47908676070718687,-0.444999501816175,-0.4931405916419841,-0.5583460543187373,-0.6191736503203585,0,0,1,1,0,0,0,0,0,0,0,0,0,0,1,0,0,1,0,0
2,0.7242069945020693,-0.47908676070718687,-0.444999501816175,-0.3921192264701557,-0.5583460543187373,-0.6191736503203585,1,0,1,0,1,0,0,0,0,0,0,0,0,0,1,0,0,0,1,0
1,0.27780944133904234,0.481287771858981,-0.444999501816175,0.38318349953756076,0.07335229062787217,-0.05710824930139227,0,0,1,0,0,1,0,0,0,0,1,0,0,0,0,0,1,0,1,0
3,-0.24298770401782244,-0.47908676070718687,-0.444999501816175,-0.49096549047799737,-0.5583460543187373,-0.6191736503203585,1,0,1,0,1,0,0,0,0,0,0,0,0,0,1,0,0,0,1,0
3,0.7242069945020693,-0.47908676070718687,-0.444999501816175,-0.17654253332835926,-0.5583460543187373,0.5049571517175739,1,0,1,0,1,0,0,0,0,0,0,0,0,0,1,0,0,0,1,0
2,0.426608625726718,-0.47908676070718687,-0.444999501816175,-0.44045480789208313,-0.5583460543187373,-0.6191736503203585,1,0,1,0,1,0,0,0,0,0,0,0,0,0,1,0,0,0,1,0
3,-1.7309795478945789,3.3624113695574844,1.8665256881734007,-0.038786126275866,3.2318440153609194,2.753218755793439,0,0,1,1,0,0,0,0,0,0,0,0,0,0,1,1,0,0,0,0
3,0.09181046085444777,-0.47908676070718687,-0.444999501816175,-0.48782367768557205,-0.5583460543187373,-0.6191736503203585,1,0,1,0,1,0,0,0,0,0,0,0,0,0,1,0,0,0,1,0
1,0.9102059749866638,-0.47908676070718687,-0.444999501816175,-0.6434642498641785,-0.5583460543187373,-0.05710824930139227,1,0,1,0,1,0,0,1,0,0,0,0,0,0,0,0,0,0,1,0
3,-0.46618648059933593,-0.47908676070718687,-0.444999501816175,-0.4902404567566684,-0.5583460543187373,-0.6191736503203585,0,0,1,1,0,0,0,0,0,0,0,0,0,0,1,0,0,0,1,0
2,0.12901025695136667,0.481287771858981,0.7107630931786129,0.07198355895713669,0.7050506355744817,0.5049571517175739,1,0,0,0,1,0,0,0,0,0,0,0,0,0,1,0,1,0,1,0
3,1.0218053632774207,-0.47908676070718687,-0.444999501816175,-0.5187584497956056,-0.5583460543187373,-0.6191736503203585,1,0,1,0,1,0,0,0,0,0,0,0,0,0,1,0,0,0,1,0
3,-1.4333811791192277,2.4020368369913165,1.8665256881734007,-0.10403916119546806,2.6001456704143098,2.191153354774473,1,0,1,0,0,0,0,0,0,0,0,0,0,0,1,1,0,0,0,0
1,1.691401693021961,0.481287771858981,0.7107630931786129,1.1642864953159084,0.7050506355744817,1.0670225527365402,0,0,1,0,0,1,0,1,0,0,0,0,0,0,0,0,1,0,1,0
3,-0.16858811182398462,-0.47908676070718687,-0.444999501816175,-0.4759814602371998,-0.5583460543187373,-0.6191736503203585,1,0,1,0,1,0,0,0,0,0,0,0,0,0,1,0,0,0,1,0
1,0.6498074023082314,-0.47908676070718687,-0.444999501816175,-0.6434642498641785,-0.5583460543187373,-0.6191736503203585,1,0,1,0,0,0,1,0,0,0,0,0,0,0,1,0,0,0,1,0
3,-0.16858811182398462,-0.47908676070718687,0.7107630931786129,-0.40226969856876044,0.07335229062787217,-0.05710824930139227,0,0,1,0,0,1,0,0,0,0,1,0,0,0,0,0,1,0,1,0
3,-2.02857791666993,3.3624113695574844,0.7107630931786129,0.12386310520891992,2.6001456704143098,2.753218755793439,1,0,1,0,0,0,0,0,0,0,0,0,0,0,1,1,0,0,0,0
3,-0.24298770401782244,-0.47908676070718687,-0.444999501816175,-0.5090913335112202,-0.5583460543187373,-0.6191736503203585,1,1,0,0,1,0,0,0,0,0,0,0,0,0,1,0,0,0,1,0
3,-0.24298770401782244,-0.47908676070718687,-0.444999501816175,0.4488386864945933,-0.5583460543187373,3.3152841568124054,1,0,1,0,1,0,0,0,0,0,0,0,0,0,1,0,0,0,1,0
2,-2.102977508863768,-0.47908676070718687,1.8665256881734007,0.07198355895713669,0.7050506355744817,0.5049571517175739,1,0,0,0,0,0,0,0,0,0,0,0,0,0,1,0,1,0,0,0
3,-0.24298770401782244,-0.47908676070718687,-0.444999501816175,-0.49362394745620336,-0.5583460543187373,-0.6191736503203585,1,1,0,0,1,0,0,0,0,0,0,0,0,0,1,0,0,0,1,0
1,2.4353976149603396,-0.47908676070718687,-0.444999501816175,0.9032743556375001,-0.5583460543187373,-0.05710824930139227,0,0,1,0,0,1,0,1,0,0,0,0,0,0,0,0,0,0,0,1
3,-1.0613832181500384,0.481287771858981,-0.444999501816175,-0.3640033854686489,0.07335229062787217,-0.05710824930139227,0,0,0,0,0,1,0,0,0,0,0,0,0,0,1,0,1,1,0,0
2,-2.1156254395367204,0.481287771858981,0.7107630931786129,-0.2809473891997225,0.7050506355744817,0.5049571517175739,1,0,1,0,0,0,0,0,0,0,0,0,0,0,1,0,1,0,0,0
3,-0.24298770401782244,-0.47908676070718687,-0.444999501816175,-0.5036932157780193,-0.5583460543187373,-0.6191736503203585,1,0,0,0,1,0,0,0,0,0,0,0,0,0,1,0,0,0,1,0
3,-0.46618648059933593,-0.47908676070718687,-0.444999501816175,-0.4916093204225374,-0.5583460543187373,-0.6191736503203585,1,0,1,0,1,0,0,0,0,0,0,0,0,0,1,0,0,0,1,0
3,-0.838184441568525,-0.47908676070718687,-0.444999501816175,-0.4829901195433793,-0.5583460543187373,-0.6191736503203585,1,0,1,0,1,0,0,0,0,0,0,0,0,0,1,0,0,1,0,0
1,0.7242069945020693,0.481287771858981,0.7107630931786129,0.9643376623594495,0.7050506355744817,0.5049571517175739,0,0,0,1,0,0,0,0,0,0,1,0,0,0,0,0,1,0,1,0
3,-0.6149856649870116,-0.47908676070718687,-0.444999501816175,-0.4759814602371998,-0.5583460543187373,-0.6191736503203585,1,0,1,0,1,0,0,0,0,0,0,0,0,0,1,0,0,0,1,0
3,-0.24298770401782244,-0.47908676070718687,-0.444999501816175,-0.48782367768557205,-0.5583460543187373,-0.6191736503203585,1,0,1,0,1,0,0,0,0,0,0,0,0,0,1,0,0,0,1,0
3,0.20340984914520452,-0.47908676070718687,-0.444999501816175,0.4488386864945933,-0.5583460543187373,3.3152841568124054,1,0,1,0,1,0,0,0,0,0,0,0,0,0,1,0,0,0,1,0
1,0.9102059749866638,-0.47908676070718687,-0.444999501816175,-0.06923754257168029,-0.5583460543187373,-0.6191736503203585,1,0,0,0,1,0,0,0,1,0,0,0,0,0,0,0,0,0,1,0
3,-0.6893852571808494,-0.47908676070718687,-0.444999501816175,-0.4902404567566684,-0.5583460543187373,-0.6191736503203585,1,0,1,0,1,0,0,0,0,0,0,0,0,0,1,0,0,0,1,0
2,-0.9869836259562007,-0.47908676070718687,-0.444999501816175,-0.44045480789208313,-0.5583460543187373,-0.05710824930139227,1,0,1,0,1,0,0,0,0,0,0,0,0,0,1,0,0,1,0,0
1,0.05461066475752886,-0.47908676070718687,-0.444999501816175,-0.04410304023227799,-0.5583460543187373,-0.05710824930139227,0,0,0,1,0,0,0,0,0,0,0,0,0,0,1,0,0,0,1,0
3,0.38940882962979906,-0.47908676070718687,-0.444999501816175,-0.5190001277027153,-0.5583460543187373,-0.6191736503203585,1,0,0,0,1,0,0,0,0,0,0,0,0,0,1,0,0,0,1,0
3,-0.9125840337623629,-0.47908676070718687,-0.444999501816175,-0.4759814602371998,-0.5583460543187373,-0.6191736503203585,1,0,1,0,1,0,0,0,0,0,0,0,0,0,1,0,0,1,0,0
3,0.9474057710835827,-0.47908676070718687,-0.444999501816175,-0.49749079396995755,-0.5583460543187373,-0.6191736503203585,1,0,1,0,1,0,0,0,0,0,0,0,0,0,1,0,0,0,1,0
3,-0.24298770401782244,7.203909499822155,1.8665256881734007,0.7012316252938433,5.758637395147358,5.001480359869304,1,0,1,0,1,0,0,0,0,0,0,0,0,0,1,1,0,0,1,0
3,0.426608625726718,-0.47908676070718687,-0.444999501816175,-0.4908050163476765,-0.5583460543187373,-0.6191736503203585,1,0,0,0,1,0,0,0,0,0,0,0,0,0,1,0,0,0,1,0
2,-0.0941885196301468,-0.47908676070718687,0.7107630931786129,-0.005434575094736029,0.07335229062787217,0.5049571517175739,1,0,1,0,0,0,1,0,0,0,0,0,0,0,1,0,1,0,1,0
1,1.1706045476650961,0.481287771858981,-0.444999501816175,1.079297075790105,0.07335229062787217,-0.05710824930139227,0,0,0,0,0,1,0,0,1,0,0,0,0,0,0,0,1,0,1,0
3,-1.8797787322822546,3.3624113695574844,1.8665256881734007,-0.038786126275866,3.2318440153609194,2.753218755793439,1,0,1,0,0,0,0,0,0,0,0,0,0,0,1,1,0,0,0,0
3,3.3281927212863933,-0.47908676070718687,-0.444999501816175,-0.4931405916419841,-0.5583460543187373,-0.6191736503203585,1,0,1,0,1,0,0,0,0,0,0,0,0,0,1,0,0,0,0,1
3,-1.5077807713130655,0.481287771858981,0.7107630931786129,-0.34869840696720983,0.7050506355744817,0.5049571517175739,0,0,0,1,0,0,0,0,0,0,0,0,0,0,1,0,1,0,0,0
1,-0.9869836259562007,-0.47908676070718687,0.7107630931786129,0.11830451334539824,0.07335229062787217,-0.05710824930139227,0,0,1,1,0,0,0,0,0,1,0,0,0,0,0,0,1,1,0,0
2,1.0962049554712583,0.481287771858981,-0.444999501816175,-0.14077420307613292,0.07335229062787217,-0.05710824930139227,0,0,1,0,0,1,0,0,0,0,0,0,0,0,1,0,1,0,1,0
3,-0.838184441568525,-0.47908676070718687,0.7107630931786129,-0.46268917534616977,0.07335229062787217,-0.05710824930139227,0,0,1,0,0,1,0,0,0,0,0,0,0,0,1,0,1,1,0,0
1,1.1706045476650961,0.481287771858981,0.7107630931786129,2.544106870781617,0.7050506355744817,1.0670225527365402,0,0,1,0,0,1,0,0,0,0,0,0,0,0,1,0,1,0,1,0
1,1.6170021008281232,-0.47908676070718687,-0.444999501816175,-0.13014037516330884,-0.5583460543187373,-0.6191736503203585,1,0,1,0,1,0,0,0,0,0,1,0,0,0,0,0,0,0,1,0
3,-0.3917868884054981,-0.47908676070718687,3.022288283168189,-0.2711197987850163,1.3367489805210908,1.0670225527365402,0,0,0,0,0,1,0,0,0,0,0,0,0,0,1,0,1,0,1,0
3,-0.24298770401782244,-0.47908676070718687,-0.444999501816175,-0.5036932157780193,-0.5583460543187373,-0.6191736503203585,1,0,0,0,1,0,0,0,0,0,0,0,0,0,1,0,0,0,1,0
3,0.873006178889745,1.4416623044251486,-0.444999501816175,-0.3706910965141868,0.7050506355744817,-0.05710824930139227,1,0,1,0,1,0,0,0,0,0,0,0,0,0,1,0,1,0,1,0
2,-0.6149856649870116,0.481287771858981,-0.444999501816175,-0.42112057532331215,0.07335229062787217,-0.6191736503203585,1,0,1,0,1,0,0,0,0,0,0,0,0,0,1,0,1,0,1,0
1,1.3938033242466097,-0.47908676070718687,-0.444999501816175,-0.14214306674200186,-0.5583460543187373,-0.6191736503203585,0,0,1,0,0,1,0,0,0,1,0,0,0,0,0,0,0,0,1,0
3,-0.838184441568525,7.203909499822155,1.8665256881734007,0.7012316252938433,5.758637395147358,5.001480359869304,0,0,1,1,0,0,0,0,0,0,0,0,0,0,1,1,0,1,0,0
2,-0.3917868884054981,-0.47908676070718687,-0.444999501816175,-0.3921192264701557,-0.5583460543187373,-0.6191736503203585,1,0,1,0,1,0,0,0,0,0,0,0,0,0,1,0,0,0,1,0
2,0.9474057710835827,-0.47908676070718687,-0.444999501816175,-0.3921192264701557,-0.5583460543187373,-0.6191736503203585,0,0,1,0,0,1,0,0,0,0,0,0,0,0,1,0,0,0,1,0
2,-0.16858811182398462,0.481287771858981,-0.444999501816175,-0.3755246546563796,0.07335229062787217,-0.6191736503203585,0,0,0,1,0,0,0,0,0,0,0,0,0,0,1,0,1,0,1,0
1,0.12901025695136667,-0.47908676070718687,-0.444999501816175,0.3328332910819674,-0.5583460543187373,-0.6191736503203585,1,0,1,0,1,0,0,0,0,0,0,0,0,0,0,0,0,0,1,0
3,-0.24298770401782244,-0.47908676070718687,-0.444999501816175,-0.4597890404608541,-0.5583460543187373,-0.6191736503203585,1,0,1,0,1,0,0,0,0,0,0,0,0,0,1,0,0,0,1,0
3,-1.8797787322822546,0.481287771858981,0.7107630931786129,-0.4282104384062805,0.7050506355744817,0.5049571517175739,1,0,1,0,0,0,0,0,0,0,0,0,0,0,1,0,1,0,0,0
3,-0.24298770401782244,-0.47908676070718687,-0.444999501816175,-0.4908050163476765,-0.5583460543187373,-0.6191736503203585,1,0,1,0,1,0,0,0,0,0,0,0,0,0,1,0,0,0,1,0
1,1.3194037320527718,0.481287771858981,0.7107630931786129,0.37263087540152556,0.7050506355744817,-0.05710824930139227,0,0,1,0,0,1,0,0,0,1,0,0,0,0,0,0,1,0,1,0
1,0.27780944133904234,-0.47908676070718687,-0.444999501816175,-0.5467930870203236,-0.5583460543187373,-0.6191736503203585,1,0,1,0,1,0,0,1,0,0,0,0,0,0,0,0,0,0,1,0
3,1.3194037320527718,-0.47908676070718687,-0.444999501816175,-0.4694561567452396,-0.5583460543187373,-0.6191736503203585,1,0,1,0,1,0,0,0,0,0,0,0,0,0,1,0,0,0,1,0
2,-0.0941885196301468,0.481287771858981,-0.444999501816175,-0.17944266821367488,0.07335229062787217,-0.05710824930139227,0,0,0,0,0,1,0,0,0,0,0,0,0,0,1,0,1,0,1,0
3,-1.0613832181500384,-0.47908676070718687,-0.444999501816175,-0.5037744195548081,-0.5583460543187373,-0.6191736503203585,0,0,0,1,0,0,0,0,0,0,0,0,0,0,1,0,0,1,0,0
3,-0.6893852571808494,-0.47908676070718687,-0.444999501816175,-0.4531032628385731,-0.5583460543187373,-0.05710824930139227,1,0,1,0,1,0,0,0,0,0,0,0,0,0,1,0,0,0,1,0
3,-0.7637848493746872,-0.47908676070718687,-0.444999501816175,-0.4908050163476765,-0.5583460543187373,-0.6191736503203585,1,0,1,0,1,0,0,0,0,0,0,0,0,0,1,0,0,0,1,0
3,-0.24298770401782244,-0.47908676070718687,-0.444999501816175,-0.4908050163476765,-0.5583460543187373,-0.6191736503203585,1,0,1,0,1,0,0,0,0,0,0,0,0,0,1,0,0,0,1,0
1,1.9890000617973123,-0.47908676070718687,0.7107630931786129,0.9643376623594495,0.07335229062787217,0.5049571517175739,0,0,0,0,0,1,0,0,1,0,0,0,0,0,0,0,1,0,1,0
2,-0.3173872962116603,-0.47908676070718687,0.7107630931786129,-0.14077420307613292,0.07335229062787217,-0.05710824930139227,0,0,1,0,0,1,0,0,0,0,0,0,0,0,1,0,1,0,1,0
3,0.27780944133904234,-0.47908676070718687,-0.444999501816175,-0.4908050163476765,-0.5583460543187373,-0.6191736503203585,1,0,1,0,1,0,0,0,0,0,0,0,0,0,1,0,0,0,1,0
3,-0.5405860727931737,-0.47908676070718687,-0.444999501816175,-0.44013192620818464,-0.5583460543187373,-0.6191736503203585,0,0,1,1,0,0,0,0,0,0,0,0,0,0,1,0,0,0,1,0
2,-0.0941885196301468,-0.47908676070718687,-0.444999501816175,-0.44045480789208313,-0.5583460543187373,-0.6191736503203585,1,0,1,0,1,0,0,0,0,0,0,0,0,0,1,0,0,0,1,0
3,-0.3173872962116603,-0.47908676070718687,-0.444999501816175,-0.507157910254343,-0.5583460543187373,-0.6191736503203585,1,0,1,0,1,0,0,0,0,0,0,0,0,0,1,0,0,0,1,0
3,0.7242069945020693,-0.47908676070718687,5.333813473157765,-0.08035472629872359,2.6001456704143098,2.191153354774473,0,1,0,0,0,1,0,0,0,0,0,0,0,0,1,1,0,0,1,0
2,-0.16858811182398462,-0.47908676070718687,-0.444999501816175,-0.3921192264701557,-0.5583460543187373,-0.6191736503203585,1,0,1,0,0,0,1,0,0,0,0,0,0,0,1,0,0,0,1,0
1,-0.7637848493746872,-0.47908676070718687,-0.444999501816175,-0.06343727280104898,-0.5583460543187373,-0.6191736503203585,0,0,1,1,0,0,0,1,0,0,0,0,0,0,0,0,0,0,1,0
3,-0.838184441568525,0.481287771858981,1.8665256881734007,-0.19007649612649893,1.3367489805210908,1.0670225527365402,0,0,1,1,0,0,0,0,0,0,0,0,0,0,1,0,1,1,0,0
1,-0.24298770401782244,-0.47908676070718687,-0.444999501816175,-0.06343727280104898,-0.5583460543187373,-0.6191736503203585,1,0,0,0,1,0,0,0,1,0,0,0,0,0,0,0,0,0,1,0
3,0.20340984914520452,-0.47908676070718687,-0.444999501816175,-0.49362394745620336,-0.5583460543187373,-0.6191736503203585,1,1,0,0,1,0,0,0,0,0,0,0,0,0,1,0,0,0,1,0
